/m/0100mt	0
/m/0109vk	1
/m/011_3s	2
/m/011k1h	3
/m/011v3	4
/m/011xg5	5
/m/011xy1	6
/m/011yd2	7
/m/011yfd	8
/m/011yhm	9
/m/011yph	10
/m/011yqc	11
/m/011yxy	12
/m/01213c	13
/m/0121rx	14
/m/0124ld	15
/m/0126t5	16
/m/01271h	17
/m/0127c4	18
/m/0127ps	19
/m/0127xk	20
/m/012c6j	21
/m/012gx2	22
/m/012mrr	23
/m/012mzw	24
/m/012t1	25
/m/012vct	26
/m/012vd6	27
/m/012w3	28
/m/012x1l	29
/m/012x4t	30
/m/012xdf	31
/m/0130xz	32
/m/01336l	33
/m/013423	34
/m/0134pk	35
/m/0134tg	36
/m/0135g	37
/m/0137g1	38
/m/013807	39
/m/0138t4	40
/m/01399x	41
/m/013b2h	42
/m/013b6_	43
/m/013h1c	44
/m/013knm	45
/m/013ksx	46
/m/013nky	47
/m/013w8y	48
/m/013x0b	49
/m/013y1f	50
/m/0140g4	51
/m/0140t7	52
/m/0142rn	53
/m/01453	54
/m/0146bp	55
/m/0146hc	56
/m/0146pg	57
/m/0147dk	58
/m/0147fv	59
/m/0148nj	60
/m/014d7f	61
/m/014hr0	62
/m/014kq6	63
/m/014lc_	64
/m/014mlp	65
/m/014pg1	66
/m/014ps4	67
/m/014q2g	68
/m/014tss	69
/m/014vk4	70
/m/014y6	71
/m/014zcr	72
/m/015196	73
/m/0151w_	74
/m/01540	75
/m/0154j	76
/m/0154qm	77
/m/0155w	78
/m/0157m	79
/m/015_1q	80
/m/015bwt	81
/m/015c4g	82
/m/015cjr	83
/m/015cl6	84
/m/015cxv	85
/m/015czt	86
/m/015dvh	87
/m/015fr	88
/m/015grj	89
/m/015h31	90
/m/015hr	91
/m/015j7	92
/m/015mlw	93
/m/015njf	94
/m/015npr	95
/m/015pkc	96
/m/015pkt	97
/m/015pvh	98
/m/015qqg	99
/m/015t56	100
/m/015vq_	101
/m/015w8_	102
/m/015wd7	103
/m/015wfg	104
/m/015x74	105
/m/0161c	106
/m/0161c2	107
/m/0161sp	108
/m/0163r3	109
/m/0163t3	110
/m/0164r9	111
/m/0164v	112
/m/0167v	113
/m/0167v4	114
/m/0168ql	115
/m/01699	116
/m/0169dl	117
/m/016clz	118
/m/016dj8	119
/m/016dp0	120
/m/016fly	121
/m/016gp5	122
/m/016jhr	123
/m/016kft	124
/m/016khd	125
/m/016kkx	126
/m/016ks_	127
/m/016l09	128
/m/016lh0	129
/m/016mhd	130
/m/016ndm	131
/m/016r9z	132
/m/016s_5	133
/m/016t_3	134
/m/016tt2	135
/m/016tvq	136
/m/016tw3	137
/m/016wtf	138
/m/016wyn	139
/m/016wzw	140
/m/016z4k	141
/m/016zwt	142
/m/017149	143
/m/01718w	144
/m/01719t	145
/m/0173kj	146
/m/017575	147
/m/01771z	148
/m/0178rl	149
/m/01795t	150
/m/01797x	151
/m/017_cl	152
/m/017_hq	153
/m/017_qw	154
/m/017fp	155
/m/017gl1	156
/m/017gm7	157
/m/017j69	158
/m/017jd9	159
/m/017jv5	160
/m/017khj	161
/m/017l66	162
/m/017l96	163
/m/017s11	164
/m/017yfz	165
/m/017yzc	166
/m/0180mw	167
/m/018ctl	168
/m/018gqj	169
/m/018gz8	170
/m/018j2	171
/m/018k8r	172
/m/018mlg	173
/m/018mm4	174
/m/018mmj	175
/m/018mrd	176
/m/018n6m	177
/m/018nnz	178
/m/018q7	179
/m/018qb4	180
/m/018qd6	181
/m/018qpq	182
/m/018vs	183
/m/018wdw	184
/m/018wl5	185
/m/018wng	186
/m/018ygt	187
/m/0197tq	188
/m/019bk0	189
/m/019f4v	190
/m/019fc4	191
/m/019fh	192
/m/019fz	193
/m/019g65	194
/m/019gz	195
/m/019lty	196
/m/019m5j	197
/m/019m60	198
/m/019pkm	199
/m/019pm_	200
/m/019sc	201
/m/019tzd	202
/m/019v9k	203
/m/019vgs	204
/m/01_1hw	205
/m/01_6dw	206
/m/01_9c1	207
/m/01_d4	208
/m/01_fjr	209
/m/01_gv	210
/m/01_gx_	211
/m/01_k71	212
/m/01_qc_	213
/m/01_vrh	214
/m/01_xtx	215
/m/01b0k1	216
/m/01b1nk	217
/m/01b65l	218
/m/01b66d	219
/m/01b9ck	220
/m/01b9z4	221
/m/01b_5g	222
/m/01bcp7	223
/m/01bczm	224
/m/01bgqh	225
/m/01bl8s	226
/m/01bmlb	227
/m/01bns_	228
/m/01bt59	229
/m/01bv8b	230
/m/01bvw5	231
/m/01bx35	232
/m/01by1l	233
/m/01c427	234
/m/01c6qp	235
/m/01c72t	236
/m/01c7y	237
/m/01c8v0	238
/m/01c99j	239
/m/01c9d	240
/m/01c9d1	241
/m/01c_d	242
/m/01cblr	243
/m/01cgz	244
/m/01cj6y	245
/m/01ck6h	246
/m/01ckcd	247
/m/01cmp9	248
/m/01cpkt	249
/m/01cpp0	250
/m/01cssf	251
/m/01ct6	252
/m/01cw7s	253
/m/01cwdk	254
/m/01czx	255
/m/01d1yr	256
/m/01d38t	257
/m/01d3n8	258
/m/01d6jf	259
/m/01d88c	260
/m/01d_h8	261
/m/01dhpj	262
/m/01dk00	263
/m/01dwrc	264
/m/01dy7j	265
/m/01dyk8	266
/m/01dz7z	267
/m/01f1jf	268
/m/01f492	269
/m/01f69m	270
/m/01f7dd	271
/m/01f_3w	272
/m/01fjfv	273
/m/01flzb	274
/m/01fmz6	275
/m/01fsv9	276
/m/01fszq	277
/m/01fwk3	278
/m/01fx1l	279
/m/01fy2s	280
/m/01fyzy	281
/m/01g03q	282
/m/01g5v	283
/m/01g63y	284
/m/01gb54	285
/m/01gc7	286
/m/01gf5h	287
/m/01gfq4	288
/m/01ggc9	289
/m/01gjlw	290
/m/01gq0b	291
/m/01gr00	292
/m/01grqd	293
/m/01gt99	294
/m/01gtcq	295
/m/01gvsn	296
/m/01h0kx	297
/m/01h7xx	298
/m/01h910	299
/m/01hb1t	300
/m/01hkhq	301
/m/01hmnh	302
/m/01hr11	303
/m/01htzx	304
/m/01hv3t	305
/m/01hvv0	306
/m/01hw6wq	307
/m/01j2_7	308
/m/01j7z7	309
/m/01j95	310
/m/01j_9c	311
/m/01jcjt	312
/m/01jdpf	313
/m/01jfnvd	314
/m/01jfsb	315
/m/01jkqfz	316
/m/01jnc_	317
/m/01jnf1	318
/m/01jpqb	319
/m/01jpyb	320
/m/01jq0j	321
/m/01jq34	322
/m/01jq4b	323
/m/01jr6	324
/m/01jz6d	325
/m/01jz6x	326
/m/01k0vq	327
/m/01k2wn	328
/m/01k31p	329
/m/01k3s2	330
/m/01k5y0	331
/m/01k60v	332
/m/01k9cc	333
/m/01k9gb	334
/m/01kb2j	335
/m/01kcd	336
/m/01kf3_9	337
/m/01kkfp	338
/m/01km6_	339
/m/01kmd4	340
/m/01kp_1t	341
/m/01kstn9	342
/m/01kt17	343
/m/01kwlwp	344
/m/01kwsg	345
/m/01kx_81	346
/m/01ky7c	347
/m/01kyvx	348
/m/01l03w2	349
/m/01l1sq	350
/m/01l3mk3	351
/m/01l79yc	352
/m/01l7cxq	353
/m/01l9v7n	354
/m/01l_9d	355
/m/01lc5	356
/m/01lhdt	357
/m/01lj9	358
/m/01lk31	359
/m/01lkky	360
/m/01llxp	361
/m/01lnyf	362
/m/01lqnff	363
/m/01ls2	364
/m/01lwfr	365
/m/01lxw6	366
/m/01lyv	367
/m/01m42d0	368
/m/01m5m5b	369
/m/01mfj	370
/m/01mh_q	371
/m/01mhwk	372
/m/01mjq	373
/m/01mkq	374
/m/01mr2g6	375
/m/01mskc3	376
/m/01mszz	377
/m/01mxqyk	378
/m/01mxt_	379
/m/01mxzw	380
/m/01my4f	381
/m/01my929	382
/m/01n4bh	383
/m/01n5309	384
/m/01n7q	385
/m/01n8gr	386
/m/01nbq4	387
/m/01ngx6	388
/m/01nhgd	389
/m/01nms7	390
/m/01nn3m	391
/m/01npw8	392
/m/01nv4h	393
/m/01nx_8	394
/m/01nz1q6	395
/m/01p0w_	396
/m/01p1z_	397
/m/01p3ty	398
/m/01p896	399
/m/01p95y0	400
/m/01p970	401
/m/01p_ng	402
/m/01pb34	403
/m/01pcbg	404
/m/01pcrw	405
/m/01pcz9	406
/m/01pd60	407
/m/01pgzn_	408
/m/01pllx	409
/m/01pp3p	410
/m/01pv51	411
/m/01pvkk	412
/m/01pvxl	413
/m/01q03	414
/m/01q24l	415
/m/01qcz7	416
/m/01qd_r	417
/m/01qdmh	418
/m/01qmy04	419
/m/01qqwn	420
/m/01qszl	421
/m/01qvtwm	422
/m/01r0t_j	423
/m/01r3hr	424
/m/01r42_g	425
/m/01r4k	426
/m/01r7pq	427
/m/01r93l	428
/m/01rgn3	429
/m/01rk91	430
/m/01rmnp	431
/m/01rnpy	432
/m/01rr_d	433
/m/01rs41	434
/m/01rt5h	435
/m/01rtm4	436
/m/01rvgx	437
/m/01rwf_	438
/m/01rww3	439
/m/01rwyq	440
/m/01rxw	441
/m/01ry0f	442
/m/01s0_f	443
/m/01s21dg	444
/m/01s5q	445
/m/01s695	446
/m/01s7z0	447
/m/01s81	448
/m/01sbhvd	449
/m/01sjz_	450
/m/01skqzw	451
/m/01sn3	452
/m/01sv6k	453
/m/01swxv	454
/m/01sxd1	455
/m/01t032	456
/m/01t6xz	457
/m/01t7n9	458
/m/01t8399	459
/m/01t94_1	460
/m/01t_vv	461
/m/01tdnyh	462
/m/01tlmw	463
/m/01tnbn	464
/m/01tsbmv	465
/m/01tt27	466
/m/01tvz5j	467
/m/01txts	468
/m/01ty7ll	469
/m/01tz3c	470
/m/01tz6vs	471
/m/01v40wd	472
/m/01v6480	473
/m/01vdm0	474
/m/01vg13	475
/m/01vh096	476
/m/01vj9c	477
/m/01vrnsk	478
/m/01vrz41	479
/m/01vs_v8	480
/m/01vsl3_	481
/m/01vsn38	482
/m/01vswwx	483
/m/01vsyjy	484
/m/01vtj38	485
/m/01vvb4m	486
/m/01vvybv	487
/m/01vw20_	488
/m/01vw26l	489
/m/01vw77	490
/m/01vwbts	491
/m/01vx2h	492
/m/01vxlbm	493
/m/01vzx45	494
/m/01w20rx	495
/m/01w31x	496
/m/01w5jwb	497
/m/01w5m	498
/m/01w8n89	499
/m/01w9ph_	500
/m/01w9wwg	501
/m/01w_10	502
/m/01wbg84	503
/m/01wbgdv	504
/m/01wdcxk	505
/m/01wdj_	506
/m/01wg982	507
/m/01wgcvn	508
/m/01wk3c	509
/m/01wk7ql	510
/m/01wmgrf	511
/m/01wmxfs	512
/m/01wn718	513
/m/01wphh2	514
/m/01wqlc	515
/m/01wrwf	516
/m/01wsl7c	517
/m/01wtlq	518
/m/01wvxw1	519
/m/01wwnh2	520
/m/01wwvc5	521
/m/01wxyx1	522
/m/01wy5m	523
/m/01wyq0w	524
/m/01x2_q	525
/m/01x73	526
/m/01xbgx	527
/m/01xdxy	528
/m/01xllf	529
/m/01xndd	530
/m/01xq8v	531
/m/01xqqp	532
/m/01xvb	533
/m/01xvjb	534
/m/01xvlc	535
/m/01xy5l_	536
/m/01xyqk	537
/m/01xzb6	538
/m/01y0s9	539
/m/01y0y6	540
/m/01y665	541
/m/01y_rz	542
/m/01yc02	543
/m/01ycbq	544
/m/01ycck	545
/m/01ycfv	546
/m/01yl6n	547
/m/01ym9b	548
/m/01yz0x	549
/m/01yzhn	550
/m/01z215	551
/m/01z4y	552
/m/01z77k	553
/m/01z9j2	554
/m/01z_jj	555
/m/01zh29	556
/m/01znc_	557
/m/01zq91	558
/m/01zst8	559
/m/01zt10	560
/m/01zz8t	561
/m/0202p_	562
/m/02079p	563
/m/020fcn	564
/m/020hh3	565
/m/020hyj	566
/m/020jqv	567
/m/020l9r	568
/m/020vx9	569
/m/020w2	570
/m/020xn5	571
/m/02114t	572
/m/0215hd	573
/m/0215n	574
/m/0217g	575
/m/02185j	576
/m/0219q	577
/m/0219x_	578
/m/021dvj	579
/m/021j72	580
/m/021mlp	581
/m/021yw7	582
/m/0226cw	583
/m/0227vl	584
/m/022_6	585
/m/022h5x	586
/m/022lly	587
/m/023322	588
/m/023361	589
/m/0237fw	590
/m/0237w6	591
/m/0239kh	592
/m/0239zv	593
/m/023gxx	594
/m/023kzp	595
/m/023mdt	596
/m/023tp8	597
/m/023v4_	598
/m/023vrq	599
/m/023zd7	600
/m/0248jb	601
/m/0249fn	602
/m/024bbl	603
/m/024fxq	604
/m/024fz9	605
/m/024hbv	606
/m/024lff	607
/m/024lt6	608
/m/024n3z	609
/m/024pcx	610
/m/024qqx	611
/m/024y6w	612
/m/0253b6	613
/m/025_64l	614
/m/025h4z	615
/m/025ljp	616
/m/025m8l	617
/m/025sc50	618
/m/025t9b	619
/m/025tdwc	620
/m/025tn92	621
/m/025vw4t	622
/m/025w401	623
/m/025x1t	624
/m/025x7g_	625
/m/025xt8y	626
/m/025ygws	627
/m/0260p2	628
/m/0261x8t	629
/m/0262x6	630
/m/0262zm	631
/m/0263q4z	632
/m/02648p	633
/m/0265vt	634
/m/02681vq	635
/m/02681xs	636
/m/026b7bz	637
/m/026bfsh	638
/m/026gvfj	639
/m/026k4d	640
/m/026kqs9	641
/m/026mfs	642
/m/026n998	643
/m/026p_bs	644
/m/026ps1	645
/m/026q3s3	646
/m/026qnh6	647
/m/026t6	648
/m/026zvx7	649
/m/02704ff	650
/m/0272vm	651
/m/02756j	652
/m/0275kr	653
/m/0275n3y	654
/m/02778pf	655
/m/027986c	656
/m/0279c15	657
/m/027c924	658
/m/027c95y	659
/m/027cyf7	660
/m/027dtxw	661
/m/027hjff	662
/m/027lf1	663
/m/027m5wv	664
/m/027m67	665
/m/027pdrh	666
/m/027r0_f	667
/m/027xq5	668
/m/027y151	669
/m/02825nf	670
/m/02847m9	671
/m/0284b56	672
/m/0286vp	673
/m/0287477	674
/m/0288crq	675
/m/028cg00	676
/m/028d4v	677
/m/028kk_	678
/m/028sgq	679
/m/028tv0	680
/m/0295r	681
/m/029d_	682
/m/029j_	683
/m/029n80	684
/m/029pnn	685
/m/029spt	686
/m/029zqn	687
/m/02_0d2	688
/m/02_1rq	689
/m/02_286	690
/m/02__34	691
/m/02__x	692
/m/02_j1w	693
/m/02_lt	694
/m/02_qt	695
/m/02_xgp2	696
/m/02b0_m	697
/m/02b168	698
/m/02b171	699
/m/02b1hq	700
/m/02b1j1	701
/m/02b1l_	702
/m/02b1lm	703
/m/02b2np	704
/m/02b61v	705
/m/02bfmn	706
/m/02bft	707
/m/02bh8z	708
/m/02bjrlw	709
/m/02blr4	710
/m/02bn75	711
/m/02c7k4	712
/m/02c9dj	713
/m/02cbg0	714
/m/02cg2v	715
/m/02cg41	716
/m/02cjlk	717
/m/02ck1	718
/m/02cm61	719
/m/02cp5	720
/m/02ctc6	721
/m/02ctyy	722
/m/02cvcd	723
/m/02cx90	724
/m/02cyfz	725
/m/02d44q	726
/m/02d45s	727
/m/02d49z	728
/m/02d4ct	729
/m/02dbp7	730
/m/02ddq4	731
/m/02dq8f	732
/m/02drd3	733
/m/02f1c	734
/m/02f2dn	735
/m/02f72_	736
/m/02f73p	737
/m/02f93t	738
/m/02f_k_	739
/m/02fhtq	740
/m/02flpc	741
/m/02fm4d	742
/m/02fn5r	743
/m/02fqwt	744
/m/02fqxm	745
/m/02fsn	746
/m/02g0rb	747
/m/02g3v6	748
/m/02g3w	749
/m/02g_7z	750
/m/02gd6x	751
/m/02gdjb	752
/m/02gjt4	753
/m/02glc4	754
/m/02gm9n	755
/m/02gnmp	756
/m/02gpkt	757
/m/02gs6r	758
/m/02gw_w	759
/m/02h2z_	760
/m/02h3d1	761
/m/02h40lc	762
/m/02h48	763
/m/02h4rq6	764
/m/02h6_6p	765
/m/02h8hr	766
/m/02hcv8	767
/m/02hcxm	768
/m/02hczc	769
/m/02hfgl	770
/m/02hgm4	771
/m/02hkw6	772
/m/02hn5v	773
/m/02hnl	774
/m/02hrh1q	775
/m/02hsgn	776
/m/02hsq3m	777
/m/02hv44_	778
/m/02hvkf	779
/m/02hwww	780
/m/02hy5d	781
/m/02hzz	782
/m/02j62	783
/m/02j71	784
/m/02j9lm	785
/m/02j9z	786
/m/02jjdr	787
/m/02jjt	788
/m/02jknp	789
/m/02js9p	790
/m/02jx1	791
/m/02jx_v	792
/m/02jxbw	793
/m/02jxk	794
/m/02jztz	795
/m/02k54	796
/m/02k6hp	797
/m/02k8k	798
/m/02k9k9	799
/m/02kdv5l	800
/m/02knxx	801
/m/02krdz	802
/m/02krf9	803
/m/02ktrs	804
/m/02kxbx3	805
/m/02kxwk	806
/m/02kxx1	807
/m/02l6h	808
/m/02l7c8	809
/m/02l9wl	810
/m/02lbrd	811
/m/02lcqs	812
/m/02lg9w	813
/m/02ljhg	814
/m/02lk60	815
/m/02ll45	816
/m/02llzg	817
/m/02ln0f	818
/m/02lnbg	819
/m/02lp0w	820
/m/02lp1	821
/m/02lp3c	822
/m/02lpp7	823
/m/02lq5w	824
/m/02lq67	825
/m/02lx0	826
/m/02lymt	827
/m/02mc5v	828
/m/02mc79	829
/m/02md2d	830
/m/02mjmr	831
/m/02mplj	832
/m/02mpyh	833
/m/02mslq	834
/m/02mt51	835
/m/02mv_h	836
/m/02n4kr	837
/m/02n72k	838
/m/02n9nmz	839
/m/02ndy4	840
/m/02nhxf	841
/m/02nt75	842
/m/02nwxc	843
/m/02nxhr	844
/m/02nzb8	845
/m/02p2zq	846
/m/02p4pt3	847
/m/02p5hf	848
/m/02p65p	849
/m/02p76f9	850
/m/02pbp9	851
/m/02pbrn	852
/m/02ph9tm	853
/m/02phtzk	854
/m/02pjc1h	855
/m/02ppm4q	856
/m/02pprs	857
/m/02pqp12	858
/m/02prw4h	859
/m/02pt7h_	860
/m/02pxst	861
/m/02q0v8n	862
/m/02q1tc5	863
/m/02q3n9c	864
/m/02q52q	865
/m/02q56mk	866
/m/02q87z6	867
/m/02q8ms8	868
/m/02qgqt	869
/m/02qhqz4	870
/m/02qjpv5	871
/m/02qjv1p	872
/m/02qk2d5	873
/m/02qkt	874
/m/02qlg7s	875
/m/02qrv7	876
/m/02qsjt	877
/m/02qt02v	878
/m/02qvdc	879
/m/02qvl7	880
/m/02qvyrt	881
/m/02qvzf	882
/m/02qwg	883
/m/02qyntr	884
/m/02qyp19	885
/m/02qyxs5	886
/m/02r0csl	887
/m/02r1c18	888
/m/02r22gf	889
/m/02r5dz	890
/m/02r6nbc	891
/m/02r96rf	892
/m/02rb84n	893
/m/02rdxsh	894
/m/02rdyk7	895
/m/02rf1y	896
/m/02rg_4	897
/m/02rgz4	898
/m/02rh1dz	899
/m/02rjjll	900
/m/02rkkn1	901
/m/02rmxx	902
/m/02rn_bj	903
/m/02rrfzf	904
/m/02rsw	905
/m/02rzdcp	906
/m/02s2ft	907
/m/02s2wq	908
/m/02sch9	909
/m/02sdk9v	910
/m/02sg4b	911
/m/02sgy	912
/m/02sh8y	913
/m/02sjp	914
/m/02skyy	915
/m/02snj9	916
/m/02sp_v	917
/m/02t3ln	918
/m/02tf1y	919
/m/02tjl3	920
/m/02tqm5	921
/m/02twdq	922
/m/02v1m7	923
/m/02v3yy	924
/m/02v5xg	925
/m/02v8kmz	926
/m/02vk52z	927
/m/02vpvk	928
/m/02vrr	929
/m/02vs3x5	930
/m/02vx4	931
/m/02vxfw_	932
/m/02vxn	933
/m/02vxq9m	934
/m/02vzc	935
/m/02w0dc0	936
/m/02w3w	937
/m/02w4v	938
/m/02w670	939
/m/02w7gg	940
/m/02w9sd7	941
/m/02w_6xj	942
/m/02wf01	943
/m/02wgln	944
/m/02wlk	945
/m/02wwmhc	946
/m/02wwwv5	947
/m/02x17s4	948
/m/02x1dht	949
/m/02x1z2s	950
/m/02x2097	951
/m/02x4sn8	952
/m/02x4w6g	953
/m/02x73k6	954
/m/02x8m	955
/m/02x8n1n	956
/m/02xs0q	957
/m/02xwzh	958
/m/02y0yt	959
/m/02y7sr	960
/m/02y8z	961
/m/02y9wq	962
/m/02y_rq5	963
/m/02yj7w	964
/m/02ynfr	965
/m/02yvct	966
/m/02yxh9	967
/m/02yygk	968
/m/02z0dfh	969
/m/02z1yj	970
/m/02z3r5q	971
/m/02z4b_8	972
/m/02z5x7l	973
/m/02z81h	974
/m/02zbjwr	975
/m/02zfg3	976
/m/02zk08	977
/m/02zsn	978
/m/02zyq6	979
/m/030155	980
/m/030pr	981
/m/030qb3t	982
/m/030znt	983
/m/031296	984
/m/031778	985
/m/03177r	986
/m/0319l	987
/m/031b3h	988
/m/031kyy	989
/m/031rq5	990
/m/031vy_	991
/m/031zm1	992
/m/0326tc	993
/m/03295l	994
/m/032nwy	995
/m/032w8h	996
/m/032xky	997
/m/032zq6	998
/m/033071	999
/m/0335fp	1000
/m/0336mc	1001
/m/033_1p	1002
/m/033g0y	1003
/m/033hn8	1004
/m/033nzk	1005
/m/033pf1	1006
/m/033qxt	1007
/m/033tf_	1008
/m/0342h	1009
/m/0345h	1010
/m/034_7s	1011
/m/034cj9	1012
/m/034hck	1013
/m/034q81	1014
/m/034qbx	1015
/m/034qzw	1016
/m/034tl	1017
/m/0350l7	1018
/m/0355pl	1019
/m/0356lc	1020
/m/035ktt	1021
/m/035nm	1022
/m/035qy	1023
/m/035s37	1024
/m/035yzw	1025
/m/036b_	1026
/m/0372j5	1027
/m/0372kf	1028
/m/0373qg	1029
/m/037bm2	1030
/m/037c9s	1031
/m/037d35	1032
/m/037gjc	1033
/m/037mh8	1034
/m/0382m4	1035
/m/038g2x	1036
/m/0392kz	1037
/m/039b7_	1038
/m/039bp	1039
/m/039c26	1040
/m/039v1	1041
/m/03_2y	1042
/m/03_3d	1043
/m/03_3z4	1044
/m/03_8r	1045
/m/03_9hm	1046
/m/03_9r	1047
/m/03_9x6	1048
/m/03__y	1049
/m/03_d0	1050
/m/03_gx	1051
/m/03_js	1052
/m/03_vpw	1053
/m/03_vx9	1054
/m/03b12	1055
/m/03b1sb	1056
/m/03b3j	1057
/m/03bdv	1058
/m/03bw6	1059
/m/03bwzr4	1060
/m/03bx0bm	1061
/m/03bx_5q	1062
/m/03bxh	1063
/m/03bxz7	1064
/m/03bzjpm	1065
/m/03c7ln	1066
/m/03c7tr1	1067
/m/03c9pqt	1068
/m/03c_8t	1069
/m/03cd0x	1070
/m/03cd1q	1071
/m/03cffvv	1072
/m/03cglm	1073
/m/03clwtw	1074
/m/03cmsqb	1075
/m/03cws8h	1076
/m/03cx282	1077
/m/03czz87	1078
/m/03d2k	1079
/m/03d5m8w	1080
/m/03dbds	1081
/m/03dft3	1082
/m/03dj48	1083
/m/03f0fnk	1084
/m/03f2w	1085
/m/03f4xvm	1086
/m/03fbc	1087
/m/03fkgg	1088
/m/03fn34	1089
/m/03fqv5	1090
/m/03ftmg	1091
/m/03fts	1092
/m/03fvqg	1093
/m/03g3w	1094
/m/03g90h	1095
/m/03gj2	1096
/m/03gjzk	1097
/m/03gkb0	1098
/m/03gm48	1099
/m/03gvt	1100
/m/03gwpw2	1101
/m/03gyp30	1102
/m/03gyvwg	1103
/m/03h0k1	1104
/m/03h4fq7	1105
/m/03h4mp	1106
/m/03h64	1107
/m/03h_fk5	1108
/m/03h_yy	1109
/m/03hfx6c	1110
/m/03hkp	1111
/m/03hkv_r	1112
/m/03hl6lc	1113
/m/03hr1p	1114
/m/03j24kf	1115
/m/03j6c	1116
/m/03j_hq	1117
/m/03jgz	1118
/m/03jldb	1119
/m/03jxw	1120
/m/03k50	1121
/m/03k9fj	1122
/m/03krj	1123
/m/03ksy	1124
/m/03ktjq	1125
/m/03kwtb	1126
/m/03kxzm	1127
/m/03l26m	1128
/m/03l3ln	1129
/m/03l7f	1130
/m/03lh3v	1131
/m/03lmzl	1132
/m/03lpbx	1133
/m/03lrc	1134
/m/03lsq	1135
/m/03lt8g	1136
/m/03lty	1137
/m/03lv4x	1138
/m/03m6_z	1139
/m/03m6t5	1140
/m/03m73lj	1141
/m/03mb9	1142
/m/03mcwq3	1143
/m/03mdt	1144
/m/03mgdy	1145
/m/03mgx6z	1146
/m/03mh94	1147
/m/03mkk4	1148
/m/03mp37	1149
/m/03mqj_	1150
/m/03mqtr	1151
/m/03msf	1152
/m/03mstc	1153
/m/03n08b	1154
/m/03n15_	1155
/m/03nk0g	1156
/m/03nl5k	1157
/m/03nnm4t	1158
/m/03np3w	1159
/m/03np_7	1160
/m/03npn	1161
/m/03nt59	1162
/m/03p41	1163
/m/03p5xs	1164
/m/03q0r1	1165
/m/03q1vd	1166
/m/03q2t9	1167
/m/03q43g	1168
/m/03q4hl	1169
/m/03q4nz	1170
/m/03q5dr	1171
/m/03q5t	1172
/m/03q64h	1173
/m/03qbh5	1174
/m/03qbnj	1175
/m/03qdm	1176
/m/03qjg	1177
/m/03qnc6q	1178
/m/03qnvdl	1179
/m/03qpp9	1180
/m/03qwyc	1181
/m/03r00m	1182
/m/03r8gp	1183
/m/03rbzn	1184
/m/03rhqg	1185
/m/03rj0	1186
/m/03rjj	1187
/m/03rk0	1188
/m/03rl84	1189
/m/03rt9	1190
/m/03s0w	1191
/m/03s6l2	1192
/m/03s9v	1193
/m/03sbs	1194
/m/03shp	1195
/m/03shpq	1196
/m/03spz	1197
/m/03t5b6	1198
/m/03t5kl	1199
/m/03t9sp	1200
/m/03tc8d	1201
/m/03tcbx	1202
/m/03tf_h	1203
/m/03tmr	1204
/m/03ttn0	1205
/m/03tzh9	1206
/m/03v09	1207
/m/03v0t	1208
/m/03v1s	1209
/m/03v52f	1210
/m/03vrv9	1211
/m/03vtbc	1212
/m/03w4sh	1213
/m/03w7kx	1214
/m/03w9bjf	1215
/m/03wnh	1216
/m/03wpmd	1217
/m/03wv2g	1218
/m/03wy8t	1219
/m/03x31g	1220
/m/03x3qv	1221
/m/03x6rj	1222
/m/03xds	1223
/m/03xp8d5	1224
/m/03xpfzg	1225
/m/03xq0f	1226
/m/03xsby	1227
/m/03xx3m	1228
/m/03y0pn	1229
/m/03y317	1230
/m/03y82t6	1231
/m/03yhgp	1232
/m/03yl2t	1233
/m/03ynwqj	1234
/m/03yrkt	1235
/m/03yxwq	1236
/m/03zbg0	1237
/m/03zv9	1238
/m/03zz8b	1239
/m/0407yj_	1240
/m/040_9s0	1241
/m/040dv	1242
/m/040njc	1243
/m/040nwr	1244
/m/040rjq	1245
/m/040z9	1246
/m/04107	1247
/m/04135	1248
/m/04165w	1249
/m/0417z2	1250
/m/041rx	1251
/m/041y2	1252
/m/0421ng	1253
/m/04255q	1254
/m/0427y	1255
/m/0428bc	1256
/m/042fk	1257
/m/042kbj	1258
/m/042q3	1259
/m/042tq	1260
/m/042v2	1261
/m/042v_gx	1262
/m/042y1c	1263
/m/0431v3	1264
/m/04328m	1265
/m/0436f4	1266
/m/0436kgz	1267
/m/043mk4y	1268
/m/043q4d	1269
/m/043s3	1270
/m/043tg	1271
/m/043yj	1272
/m/043z0	1273
/m/0443xn	1274
/m/0448r	1275
/m/044crp	1276
/m/044f7	1277
/m/044g_k	1278
/m/044lbv	1279
/m/044mfr	1280
/m/044n3h	1281
/m/044ntk	1282
/m/044pqn	1283
/m/044zvm	1284
/m/045c66	1285
/m/045hz5	1286
/m/045w_4	1287
/m/045zr	1288
/m/0466p0j	1289
/m/04686_j	1290
/m/046lt	1291
/m/047csmy	1292
/m/047d21r	1293
/m/047fwlg	1294
/m/047g8h	1295
/m/047gpsd	1296
/m/047lj	1297
/m/047n8xt	1298
/m/047p798	1299
/m/047q2k1	1300
/m/047s_cr	1301
/m/047svrl	1302
/m/047vnkj	1303
/m/047vp20	1304
/m/0486tv	1305
/m/048_lz	1306
/m/048cl	1307
/m/048g08	1308
/m/048lv	1309
/m/048n7	1310
/m/048s0r	1311
/m/04954r	1312
/m/04969y	1313
/m/049_zz	1314
/m/049dk	1315
/m/049dyj	1316
/m/049lr	1317
/m/049nq	1318
/m/04_tv	1319
/m/04bd8y	1320
/m/04bdqk	1321
/m/04bjff	1322
/m/04bs3j	1323
/m/04cbbz	1324
/m/04cbtrw	1325
/m/04cl1	1326
/m/04cv9m	1327
/m/04cx5	1328
/m/04cy8rb	1329
/m/04d5v9	1330
/m/04dbw3	1331
/m/04dn09n	1332
/m/04f525m	1333
/m/04fcjt	1334
/m/04fkg4	1335
/m/04fv5b	1336
/m/04fzk	1337
/m/04g2jz2	1338
/m/04g7x	1339
/m/04gd8j	1340
/m/04ghz4m	1341
/m/04gkp3	1342
/m/04glx0	1343
/m/04gm78f	1344
/m/04gqr	1345
/m/04gr35	1346
/m/04gv3db	1347
/m/04gzd	1348
/m/04htfd	1349
/m/04hw4b	1350
/m/04j1n8	1351
/m/04jpg2p	1352
/m/04jpk2	1353
/m/04jpl	1354
/m/04jwjq	1355
/m/04k8n	1356
/m/04ktcgn	1357
/m/04kxsb	1358
/m/04l590	1359
/m/04lhc4	1360
/m/04ljl_l	1361
/m/04lqvlr	1362
/m/04ls53	1363
/m/04ly1	1364
/m/04m1bm	1365
/m/04mhxx	1366
/m/04mky3	1367
/m/04mx__	1368
/m/04mz10g	1369
/m/04n32	1370
/m/04n65n	1371
/m/04n6k	1372
/m/04n_g	1373
/m/04nc_7	1374
/m/04nl83	1375
/m/04p3w	1376
/m/04pg29	1377
/m/04pmnt	1378
/m/04pqqb	1379
/m/04psf	1380
/m/04pzy	1381
/m/04q7r	1382
/m/04qr6d	1383
/m/04qsdh	1384
/m/04rjg	1385
/m/04rlf	1386
/m/04rrd	1387
/m/04rrx	1388
/m/04rzd	1389
/m/04swd	1390
/m/04sylm	1391
/m/04syw	1392
/m/04t36	1393
/m/04t9c0	1394
/m/04tgp	1395
/m/04v09	1396
/m/04v8x9	1397
/m/04vmp	1398
/m/04vr_f	1399
/m/04vs9	1400
/m/04w4s	1401
/m/04w7rn	1402
/m/04wlh	1403
/m/04wp3s	1404
/m/04wsz	1405
/m/04wtx1	1406
/m/04x1_w	1407
/m/04x4gw	1408
/m/04xjp	1409
/m/04xn_	1410
/m/04xvh5	1411
/m/04xvlr	1412
/m/04ycjk	1413
/m/04yf_	1414
/m/04yj5z	1415
/m/04yqlk	1416
/m/04z_3pm	1417
/m/04z_x4v	1418
/m/04zd4m	1419
/m/04znsy	1420
/m/04ztj	1421
/m/04zwjd	1422
/m/04zx3q1	1423
/m/050023	1424
/m/050_qx	1425
/m/050t68	1426
/m/050zr4	1427
/m/05148p4	1428
/m/05169r	1429
/m/051kv	1430
/m/051ys82	1431
/m/051zy_b	1432
/m/052h3	1433
/m/052nd	1434
/m/0536sd	1435
/m/053mhx	1436
/m/053tj7	1437
/m/053xw6	1438
/m/053y4h	1439
/m/05489	1440
/m/054g1r	1441
/m/054krc	1442
/m/054ks3	1443
/m/0556j8	1444
/m/0557q	1445
/m/055t01	1446
/m/055vr	1447
/m/056878	1448
/m/056_y	1449
/m/056xx8	1450
/m/0577d	1451
/m/057__d	1452
/m/057_yx	1453
/m/057ph	1454
/m/057xs89	1455
/m/05842k	1456
/m/058kh7	1457
/m/058z2d	1458
/m/059_gf	1459
/m/059fjj	1460
/m/059j2	1461
/m/059kh	1462
/m/059lwy	1463
/m/059nf5	1464
/m/059rby	1465
/m/059ts	1466
/m/05_5rjx	1467
/m/05_wyz	1468
/m/05b1610	1469
/m/05b2gsm	1470
/m/05b3ts	1471
/m/05b49tt	1472
/m/05b4l5x	1473
/m/05b4w	1474
/m/05b7q	1475
/m/05bjp6	1476
/m/05bnp0	1477
/m/05bp8g	1478
/m/05bt6j	1479
/m/05c17	1480
/m/05c1t6z	1481
/m/05c46y6	1482
/m/05crg7	1483
/m/05cx7x	1484
/m/05dbf	1485
/m/05dmmc	1486
/m/05f33tk	1487
/m/05f4_n0	1488
/m/05f4m9q	1489
/m/05f4vxd	1490
/m/05fg2	1491
/m/05fjf	1492
/m/05fkf	1493
/m/05fky	1494
/m/05fm6m	1495
/m/05g2b	1496
/m/05g3v	1497
/m/05g76	1498
/m/05g7gs	1499
/m/05g7q	1500
/m/05g8ky	1501
/m/05glt	1502
/m/05gnf	1503
/m/05hgj	1504
/m/05hjnw	1505
/m/05j82v	1506
/m/05jfx9	1507
/m/05jrj4	1508
/m/05jx17	1509
/m/05jx2d	1510
/m/05jxkf	1511
/m/05k7sb	1512
/m/05kfs	1513
/m/05kh_	1514
/m/05kkh	1515
/m/05kr_	1516
/m/05l2z4	1517
/m/05l8y	1518
/m/05lfwd	1519
/m/05ls3r	1520
/m/05m9f9	1521
/m/05m_jsg	1522
/m/05mc99	1523
/m/05mv4	1524
/m/05myd2	1525
/m/05n6sq	1526
/m/05nlx4	1527
/m/05nwfr	1528
/m/05p09zm	1529
/m/05p1dby	1530
/m/05p1qyh	1531
/m/05p1tzf	1532
/m/05p553	1533
/m/05p5nc	1534
/m/05pcjw	1535
/m/05pcn59	1536
/m/05pd94v	1537
/m/05pdbs	1538
/m/05pdh86	1539
/m/05q4y12	1540
/m/05q7cj	1541
/m/05q8pss	1542
/m/05qbbfb	1543
/m/05qbckf	1544
/m/05qd_	1545
/m/05qfh	1546
/m/05qhw	1547
/m/05qjt	1548
/m/05qt0	1549
/m/05qx1	1550
/m/05r4w	1551
/m/05r5c	1552
/m/05r5w	1553
/m/05r6t	1554
/m/05rfst	1555
/m/05sb1	1556
/m/05sfs	1557
/m/05sxzwc	1558
/m/05sy_5	1559
/m/05tbn	1560
/m/05th8t	1561
/m/05tr7	1562
/m/05v10	1563
/m/05v38p	1564
/m/05v45k	1565
/m/05v8c	1566
/m/05vc71	1567
/m/05w3f	1568
/m/05w3y	1569
/m/05wvs	1570
/m/05xd8x	1571
/m/05xf75	1572
/m/05xq9	1573
/m/05y8n7	1574
/m/05ys0wz	1575
/m/05yzt_	1576
/m/05z775	1577
/m/05zhg	1578
/m/05zjtn4	1579
/m/05zkcn5	1580
/m/05zlld0	1581
/m/05zpghd	1582
/m/05zppz	1583
/m/05zr6wv	1584
/m/05ztm4r	1585
/m/05ztrmj	1586
/m/05zvj3m	1587
/m/060__y	1588
/m/060bp	1589
/m/060c4	1590
/m/060d2	1591
/m/060m4	1592
/m/060s9	1593
/m/06101p	1594
/m/061dn_	1595
/m/062z7	1596
/m/063b4k	1597
/m/063vn	1598
/m/063y_ky	1599
/m/0641g8	1600
/m/064_8sq	1601
/m/064n1pz	1602
/m/064ndc	1603
/m/064t9	1604
/m/065dc4	1605
/m/065y4w7	1606
/m/0660b9b	1607
/m/0661ql3	1608
/m/0671wk	1609
/m/067mj	1610
/m/0697kh	1611
/m/069d71	1612
/m/069nzr	1613
/m/069q4f	1614
/m/06_kh	1615
/m/06_sc3	1616
/m/06b0d2	1617
/m/06b1q	1618
/m/06b_0	1619
/m/06b_j	1620
/m/06bnz	1621
/m/06btq	1622
/m/06by7	1623
/m/06c0ns	1624
/m/06c1y	1625
/m/06cgy	1626
/m/06cp5	1627
/m/06crk	1628
/m/06crng	1629
/m/06cs1	1630
/m/06cs95	1631
/m/06cv1	1632
/m/06cvj	1633
/m/06dqt	1634
/m/06f32	1635
/m/06fc0b	1636
/m/06fcqw	1637
/m/06fvc	1638
/m/06g2d1	1639
/m/06g7c	1640
/m/06gcn	1641
/m/06gn7r	1642
/m/06hgj	1643
/m/06hhrs	1644
/m/06hwzy	1645
/m/06j6l	1646
/m/06jk5_	1647
/m/06jry	1648
/m/06jvj7	1649
/m/06k02	1650
/m/06k75	1651
/m/06kx2	1652
/m/06lgq8	1653
/m/06lpmt	1654
/m/06mfvc	1655
/m/06mkj	1656
/m/06mn7	1657
/m/06mnps	1658
/m/06mp7	1659
/m/06mr2s	1660
/m/06mr6	1661
/m/06mxs	1662
/m/06mzp	1663
/m/06n90	1664
/m/06ncr	1665
/m/06nm1	1666
/m/06npd	1667
/m/06npx	1668
/m/06p0s1	1669
/m/06pj8	1670
/m/06pvr	1671
/m/06q7n	1672
/m/06qln	1673
/m/06qxh	1674
/m/06r2h	1675
/m/06r713	1676
/m/06r_by	1677
/m/06rgq	1678
/m/06rkl	1679
/m/06rmdr	1680
/m/06s0l	1681
/m/06sks6	1682
/m/06t2t	1683
/m/06t8b	1684
/m/06tw8	1685
/m/06vbd	1686
/m/06vqdf	1687
/m/06w2yp9	1688
/m/06w33f8	1689
/m/06w99h3	1690
/m/06whf	1691
/m/06wkj0	1692
/m/06wm0z	1693
/m/06wrt	1694
/m/06www	1695
/m/06x43v	1696
/m/06x58	1697
/m/06x6s	1698
/m/06xpp7	1699
/m/06y0xx	1700
/m/06y9bd	1701
/m/06ybb1	1702
/m/06ys2	1703
/m/06z5s	1704
/m/06z6r	1705
/m/06z9yh	1706
/m/06zgc	1707
/m/06zsk51	1708
/m/06ztvyx	1709
/m/0703j	1710
/m/070mff	1711
/m/070tng	1712
/m/070vn	1713
/m/070xg	1714
/m/07147	1715
/m/071nw5	1716
/m/071t0	1717
/m/071tyz	1718
/m/0721cy	1719
/m/072bb1	1720
/m/072kp	1721
/m/072twv	1722
/m/072w0	1723
/m/0735l	1724
/m/073bb	1725
/m/073hkh	1726
/m/073hmq	1727
/m/074m2	1728
/m/074rg9	1729
/m/0755wz	1730
/m/076xkps	1731
/m/076zy_g	1732
/m/07733f	1733
/m/077rj	1734
/m/0781g	1735
/m/0784v1	1736
/m/0785v8	1737
/m/078jnn	1738
/m/078sj4	1739
/m/0794g	1740
/m/079kdz	1741
/m/079vf	1742
/m/079ws	1743
/m/07_fj54	1744
/m/07_jd	1745
/m/07_k0c0	1746
/m/07_lq	1747
/m/07_s4b	1748
/m/07b8m1	1749
/m/07b_l	1750
/m/07bdd_	1751
/m/07brj	1752
/m/07bs0	1753
/m/07c52	1754
/m/07c6l	1755
/m/07c72	1756
/m/07c98	1757
/m/07cbcy	1758
/m/07cbs	1759
/m/07cjqy	1760
/m/07d3z7	1761
/m/07ddz9	1762
/m/07f1x	1763
/m/07f3xb	1764
/m/07f8wg	1765
/m/07fb8_	1766
/m/07ffjc	1767
/m/07fj_	1768
/m/07fr_	1769
/m/07fvf1	1770
/m/07g0_	1771
/m/07g9f	1772
/m/07gp9	1773
/m/07gxw	1774
/m/07gyv	1775
/m/07h07	1776
/m/07h1h5	1777
/m/07h34	1778
/m/07hgkd	1779
/m/07hwkr	1780
/m/07jbh	1781
/m/07jqjx	1782
/m/07jwr	1783
/m/07k8rt4	1784
/m/07kb7vh	1785
/m/07kbp5	1786
/m/07l2m	1787
/m/07l4z	1788
/m/07l4zhn	1789
/m/07l5z	1790
/m/07ldhs	1791
/m/07lnk	1792
/m/07lp1	1793
/m/07lrrt	1794
/m/07lt7b	1795
/m/07m9cm	1796
/m/07ng9k	1797
/m/07nxnw	1798
/m/07p__7	1799
/m/07phbc	1800
/m/07q1v4	1801
/m/07qht4	1802
/m/07qy0b	1803
/m/07r1h	1804
/m/07s3vqk	1805
/m/07s6fsf	1806
/m/07s846j	1807
/m/07s9rl0	1808
/m/07ssc	1809
/m/07sz1	1810
/m/07t21	1811
/m/07t58	1812
/m/07t65	1813
/m/07t90	1814
/m/07tg4	1815
/m/07tgn	1816
/m/07twz	1817
/m/07v5q	1818
/m/07vc_9	1819
/m/07vk2	1820
/m/07vn_9	1821
/m/07w0v	1822
/m/07wbk	1823
/m/07wh1	1824
/m/07wlf	1825
/m/07x21	1826
/m/07xl34	1827
/m/07xtqq	1828
/m/07y9k	1829
/m/07y9ts	1830
/m/07y_7	1831
/m/07yjb	1832
/m/07yk1xz	1833
/m/07yp0f	1834
/m/07ytt	1835
/m/07z1_q	1836
/m/07z1m	1837
/m/080h2	1838
/m/081k8	1839
/m/081mh	1840
/m/081nh	1841
/m/081pw	1842
/m/081yw	1843
/m/0824r	1844
/m/0828jw	1845
/m/082gq	1846
/m/082x5	1847
/m/082xp	1848
/m/08304	1849
/m/0835q	1850
/m/0837ql	1851
/m/083chw	1852
/m/083jv	1853
/m/083q7	1854
/m/083shs	1855
/m/084302	1856
/m/085h1	1857
/m/085q5	1858
/m/0863x_	1859
/m/086hg9	1860
/m/086k8	1861
/m/08720	1862
/m/0872p_c	1863
/m/087_wh	1864
/m/087pfc	1865
/m/08815	1866
/m/0885n	1867
/m/0888c3	1868
/m/088fh	1869
/m/088gzp	1870
/m/088q4	1871
/m/0892sx	1872
/m/089fss	1873
/m/089g0h	1874
/m/089j8p	1875
/m/08_lx0	1876
/m/08_vwq	1877
/m/08b0cj	1878
/m/08cfr1	1879
/m/08ct6	1880
/m/08cyft	1881
/m/08f3b1	1882
/m/08fn5b	1883
/m/08gg47	1884
/m/08hmch	1885
/m/08k40m	1886
/m/08mbj32	1887
/m/08mbj5d	1888
/m/08n__5	1889
/m/08q3s0	1890
/m/08tyb_	1891
/m/08vq2y	1892
/m/08vr94	1893
/m/08vxk5	1894
/m/08w4pm	1895
/m/08w6v_	1896
/m/08wjc1	1897
/m/08zrbl	1898
/m/090gk3	1899
/m/092bf5	1900
/m/092c5f	1901
/m/0946bb	1902
/m/094jv	1903
/m/094qd5	1904
/m/095kp	1905
/m/095zlp	1906
/m/0978r	1907
/m/0979n	1908
/m/09889g	1909
/m/098n5	1910
/m/0992d9	1911
/m/099bk	1912
/m/099c8n	1913
/m/099ck7	1914
/m/099cng	1915
/m/099jhq	1916
/m/099ks0	1917
/m/099pks	1918
/m/099t8j	1919
/m/099tbz	1920
/m/09_bl	1921
/m/09b0xs	1922
/m/09b3v	1923
/m/09blyk	1924
/m/09c6w	1925
/m/09c7w0	1926
/m/09cr8	1927
/m/09d5h	1928
/m/09d6p2	1929
/m/09f2j	1930
/m/09f6b	1931
/m/09g90vz	1932
/m/09gdh6k	1933
/m/09hd6f	1934
/m/09hgk	1935
/m/09hrc	1936
/m/09hy79	1937
/m/09jp3	1938
/m/09jwl	1939
/m/09k56b7	1940
/m/09k5jh7	1941
/m/09ksp	1942
/m/09l3p	1943
/m/09l65	1944
/m/09l9tq	1945
/m/09lbv	1946
/m/09lk2	1947
/m/09lmb	1948
/m/09lwrt	1949
/m/09mq4m	1950
/m/09n48	1951
/m/09n4nb	1952
/m/09nqf	1953
/m/09p0ct	1954
/m/09p30_	1955
/m/09p4w8	1956
/m/09q23x	1957
/m/09q5w2	1958
/m/09qv_s	1959
/m/09qvc0	1960
/m/09qvms	1961
/m/09qwmm	1962
/m/09qycb	1963
/m/09rp4r_	1964
/m/09rx7tx	1965
/m/09sb52	1966
/m/09sdmz	1967
/m/09td7p	1968
/m/09v6gc9	1969
/m/09vc4s	1970
/m/09vw2b7	1971
/m/09w1n	1972
/m/09x3r	1973
/m/09xrxq	1974
/m/09y6pb	1975
/m/09yg6l	1976
/m/09z2b7	1977
/m/09zzb8	1978
/m/0_3cs	1979
/m/0_7z2	1980
/m/0_816	1981
/m/0_lr1	1982
/m/0b005	1983
/m/0b13yt	1984
/m/0b22w	1985
/m/0b25vg	1986
/m/0b2mc	1987
/m/0b2qtl	1988
/m/0b66qd	1989
/m/0b6css	1990
/m/0b6jkkg	1991
/m/0b6mgp_	1992
/m/0b6tzs	1993
/m/0b73_1d	1994
/m/0b7gr2	1995
/m/0b7l4x	1996
/m/0b82vw	1997
/m/0b90_r	1998
/m/0b_4z	1999
/m/0b_6h7	2000
/m/0b_6pv	2001
/m/0b_6rk	2002
/m/0b_6zk	2003
/m/0b_7k	2004
/m/0b_c7	2005
/m/0bbf1f	2006
/m/0bbgly	2007
/m/0bdw6t	2008
/m/0bdwft	2009
/m/0bdwqv	2010
/m/0bfvd4	2011
/m/0bfvw2	2012
/m/0bh8yn3	2013
/m/0bhtzw	2014
/m/0bj25	2015
/m/0bjv6	2016
/m/0bk25	2017
/m/0bkbm	2018
/m/0bkj86	2019
/m/0bkq7	2020
/m/0bl06	2021
/m/0blg2	2022
/m/0blpnz	2023
/m/0bm2g	2024
/m/0bmj62v	2025
/m/0bn8fw	2026
/m/0bp_b2	2027
/m/0bpm4yw	2028
/m/0bq4j6	2029
/m/0bq_mx	2030
/m/0br2wp	2031
/m/0brkwj	2032
/m/0bs8hvm	2033
/m/0bt7ws	2034
/m/0bthb	2035
/m/0btmb	2036
/m/0btpm6	2037
/m/0btyf5z	2038
/m/0bvqq	2039
/m/0bwfn	2040
/m/0bwfwpj	2041
/m/0bx8pn	2042
/m/0bx_f_t	2043
/m/0bx_hnp	2044
/m/0bx_q	2045
/m/0bxsk	2046
/m/0bxtg	2047
/m/0bxxzb	2048
/m/0byh8j	2049
/m/0bynt	2050
/m/0byq0v	2051
/m/0byq6h	2052
/m/0bz3jx	2053
/m/0bz6sb	2054
/m/0bzk2h	2055
/m/0bzk8w	2056
/m/0bzm81	2057
/m/0bzm__	2058
/m/0c0xr	2059
/m/0c2dl	2060
/m/0c3351	2061
/m/0c3jz	2062
/m/0c3p7	2063
/m/0c3ybss	2064
/m/0c3z0	2065
/m/0c3zjn7	2066
/m/0c4xc	2067
/m/0c4ys	2068
/m/0c4z8	2069
/m/0c58k	2070
/m/0c6qh	2071
/m/0c7g7	2072
/m/0c7hq	2073
/m/0c7zf	2074
/m/0c8tk	2075
/m/0c8wxp	2076
/m/0c94fn	2077
/m/0c9k8	2078
/m/0c9t0y	2079
/m/0c_j9x	2080
/m/0c_jc	2081
/m/0cb4j	2082
/m/0cbd2	2083
/m/0cbdf1	2084
/m/0cbxl0	2085
/m/0cc56	2086
/m/0cc8q3	2087
/m/0cdbq	2088
/m/0cf8qb	2089
/m/0cf_h9	2090
/m/0cfdd	2091
/m/0cfs8	2092
/m/0cgqx	2093
/m/0cgwt8	2094
/m/0ch26b_	2095
/m/0ch6mp2	2096
/m/0chghy	2097
/m/0cj16	2098
/m/0cj36c	2099
/m/0cjk9	2100
/m/0cjyzs	2101
/m/0ck27z	2102
/m/0ckd1	2103
/m/0ckf6	2104
/m/0ckr7s	2105
/m/0ckrgs	2106
/m/0cks1m	2107
/m/0clpml	2108
/m/0clz7	2109
/m/0cmc2	2110
/m/0cmc26r	2111
/m/0cms7f	2112
/m/0cnztc4	2113
/m/0cpyv	2114
/m/0cq806	2115
/m/0cq8nx	2116
/m/0cqgl9	2117
/m/0cqh57	2118
/m/0cqhk0	2119
/m/0cr3d	2120
/m/0ctw_b	2121
/m/0cv3w	2122
/m/0cvw9	2123
/m/0cw10	2124
/m/0cwfgz	2125
/m/0cwt70	2126
/m/0cwx_	2127
/m/0czp_	2128
/m/0d05w3	2129
/m/0d060g	2130
/m/0d0vqn	2131
/m/0d1pc	2132
/m/0d1qn	2133
/m/0d1t3	2134
/m/0d2b38	2135
/m/0d35y	2136
/m/0d3k14	2137
/m/0d3mlc	2138
/m/0d3qd0	2139
/m/0d4fqn	2140
/m/0d63kt	2141
/m/0d6d2	2142
/m/0d739	2143
/m/0d7vtk	2144
/m/0d7wh	2145
/m/0d8lm	2146
/m/0d8qb	2147
/m/0d8r8	2148
/m/0d9s5	2149
/m/0d9z_y	2150
/m/0d_84	2151
/m/0d__c3	2152
/m/0d_w7	2153
/m/0dclg	2154
/m/0dcsx	2155
/m/0dcz8_	2156
/m/0ddt_	2157
/m/0dgrmp	2158
/m/0dh8v4	2159
/m/0djd3	2160
/m/0dl5d	2161
/m/0dln8jk	2162
/m/0dm0f	2163
/m/0dmy0	2164
/m/0dn3n	2165
/m/0dp7wt	2166
/m/0dplh	2167
/m/0dq3c	2168
/m/0dq626	2169
/m/0dq6p	2170
/m/0dq_5	2171
/m/0dqcs3	2172
/m/0dr_4	2173
/m/0drnwh	2174
/m/0drtkx	2175
/m/0dryh9k	2176
/m/0ds1glg	2177
/m/0ds35l9	2178
/m/0dt_q_	2179
/m/0dtfn	2180
/m/0dvld	2181
/m/0dvmd	2182
/m/0dvqq	2183
/m/0dw6b	2184
/m/0dwt5	2185
/m/0dx84s	2186
/m/0dxtg	2187
/m/0dxtw	2188
/m/0dyb1	2189
/m/0dz3r	2190
/m/0dzfdw	2191
/m/0dzkq	2192
/m/0dzlbx	2193
/m/0f0gt_	2194
/m/0f0kz	2195
/m/0f0p0	2196
/m/0f0sbl	2197
/m/0f0y8	2198
/m/0f1_p	2199
/m/0f1nl	2200
/m/0f1vrl	2201
/m/0f2rq	2202
/m/0f3nn	2203
/m/0f42nz	2204
/m/0f4vbz	2205
/m/0f4x7	2206
/m/0f502	2207
/m/0f5mdz	2208
/m/0f5xn	2209
/m/0f6_dy	2210
/m/0f7fy	2211
/m/0f87jy	2212
/m/0f8l9c	2213
/m/0f_nbyh	2214
/m/0fb2l	2215
/m/0fbtbt	2216
/m/0fc2c	2217
/m/0fc32	2218
/m/0fc9js	2219
/m/0fdys	2220
/m/0ffmp	2221
/m/0fh694	2222
/m/0fhpv4	2223
/m/0fhxv	2224
/m/0fhzy	2225
/m/0fj52s	2226
/m/0fj9f	2227
/m/0fk0xk	2228
/m/0fk1z	2229
/m/0fk98	2230
/m/0fkvn	2231
/m/0fkx3	2232
/m/0flw6	2233
/m/0fm3nb	2234
/m/0fp_xp	2235
/m/0fphgb	2236
/m/0fpjyd	2237
/m/0fpv_3_	2238
/m/0fpzt5	2239
/m/0fqyc	2240
/m/0frf6	2241
/m/0fsb8	2242
/m/0ft7sr	2243
/m/0ftfw	2244
/m/0ftns	2245
/m/0ftxw	2246
/m/0fvf9q	2247
/m/0fvr1	2248
/m/0fvt2	2249
/m/0fvvz	2250
/m/0fvxz	2251
/m/0fvzz	2252
/m/0fw2d3	2253
/m/0fw2y	2254
/m/0fx02	2255
/m/0fx3s	2256
/m/0fy6bh	2257
/m/0g133	2258
/m/0g1rw	2259
/m/0g1w5	2260
/m/0g26h	2261
/m/0g28b1	2262
/m/0g2ff	2263
/m/0g2jl	2264
/m/0g2lq	2265
/m/0g3bw	2266
/m/0g48m4	2267
/m/0g4gr	2268
/m/0g56t9t	2269
/m/0g57ws5	2270
/m/0g5838s	2271
/m/0g5ptf	2272
/m/0g5pvv	2273
/m/0g60z	2274
/m/0g69lg	2275
/m/0g6ff	2276
/m/0g701n	2277
/m/0g768	2278
/m/0g824	2279
/m/0g8st4	2280
/m/0g9zcgx	2281
/m/0g_w	2282
/m/0gbfn9	2283
/m/0gc_c_	2284
/m/0gcf2r	2285
/m/0gcs9	2286
/m/0gd_s	2287
/m/0gdhhy	2288
/m/0gdk0	2289
/m/0gfsq9	2290
/m/0gg8l	2291
/m/0ggq0m	2292
/m/0ggx5q	2293
/m/0gjv_	2294
/m/0gk4g	2295
/m/0gkd1	2296
/m/0gkz3nz	2297
/m/0gl2ny2	2298
/m/0gl5_	2299
/m/0gl6x	2300
/m/0glnm	2301
/m/0glt670	2302
/m/0gmcwlb	2303
/m/0gn30	2304
/m/0gn_x	2305
/m/0gnbw	2306
/m/0gnjh	2307
/m/0gp_x9	2308
/m/0gpjbt	2309
/m/0gq9h	2310
/m/0gq_v	2311
/m/0gqwc	2312
/m/0gqxm	2313
/m/0gqy2	2314
/m/0gqyl	2315
/m/0gqz2	2316
/m/0gr0m	2317
/m/0gr42	2318
/m/0gr4k	2319
/m/0gr51	2320
/m/0gs6vr	2321
/m/0gs96	2322
/m/0gs9p	2323
/m/0gvs1kt	2324
/m/0gvstc3	2325
/m/0gvvm6l	2326
/m/0gw7p	2327
/m/0gx1l	2328
/m/0gx_p	2329
/m/0gxb2	2330
/m/0gxtknx	2331
/m/0gy0l_	2332
/m/0gy7bj4	2333
/m/0gyh2wm	2334
/m/0gywn	2335
/m/0gz6b6g	2336
/m/0h03fhx	2337
/m/0h095	2338
/m/0h0wc	2339
/m/0h10vt	2340
/m/0h1wg	2341
/m/0h25	2342
/m/0h336	2343
/m/0h3k3f	2344
/m/0h3mh3q	2345
/m/0h3tv	2346
/m/0h407	2347
/m/0h44w	2348
/m/0h53p1	2349
/m/0h7x	2350
/m/0h924	2351
/m/0h99n	2352
/m/0h_9252	2353
/m/0h_cssd	2354
/m/0hcr	2355
/m/0hcvy	2356
/m/0hdx8	2357
/m/0hfjk	2358
/m/0hgnl3t	2359
/m/0hhtgcw	2360
/m/0hkq4	2361
/m/0hl3d	2362
/m/0hm10	2363
/m/0hmm7	2364
/m/0hmr4	2365
/m/0hmtk	2366
/m/0hr3c8y	2367
/m/0hsb3	2368
/m/0hskw	2369
/m/0hsqf	2370
/m/0htcn	2371
/m/0hv27	2372
/m/0hwpz	2373
/m/0hzlz	2374
/m/0j0k	2375
/m/0j1z8	2376
/m/0j43swk	2377
/m/0j5ym	2378
/m/0j603	2379
/m/0j6b5	2380
/m/0j6cj	2381
/m/0j7v_	2382
/m/0j871	2383
/m/0j_sncb	2384
/m/0jbk9	2385
/m/0jbp0	2386
/m/0jbyg	2387
/m/0jclr	2388
/m/0jcx	2389
/m/0jdk_	2390
/m/0jfqp	2391
/m/0jfx	2392
/m/0jfx1	2393
/m/0jgd	2394
/m/0jhd	2395
/m/0jhn7	2396
/m/0jjw	2397
/m/0jjy0	2398
/m/0jm4v	2399
/m/0jm6n	2400
/m/0jmdb	2401
/m/0jmj7	2402
/m/0jmm4	2403
/m/0jnl5	2404
/m/0jnnx	2405
/m/0jnrk	2406
/m/0jqj5	2407
/m/0jqzt	2408
/m/0jrg	2409
/m/0jt86	2410
/m/0jt90f5	2411
/m/0jtdp	2412
/m/0jtf1	2413
/m/0jtg0	2414
/m/0jwmp	2415
/m/0jxy	2416
/m/0jyb4	2417
/m/0jyx6	2418
/m/0k0rf	2419
/m/0k1bs	2420
/m/0k2m6	2421
/m/0k2q	2422
/m/0k3gj	2423
/m/0k3gw	2424
/m/0k3hn	2425
/m/0k3j0	2426
/m/0k3k1	2427
/m/0k3p	2428
/m/0k4gf	2429
/m/0k4y6	2430
/m/0k57l	2431
/m/0k611	2432
/m/0k6nt	2433
/m/0k7pf	2434
/m/0k8y7	2435
/m/0k8z	2436
/m/0kbvb	2437
/m/0kbws	2438
/m/0kc40	2439
/m/0kc6x	2440
/m/0kctd	2441
/m/0klw	2442
/m/0knhk	2443
/m/0kp2_	2444
/m/0kpl	2445
/m/0kq1l	2446
/m/0kq2	2447
/m/0kryqm	2448
/m/0kv4k	2449
/m/0kv9d3	2450
/m/0kwgs	2451
/m/0kygv	2452
/m/0kyk	2453
/m/0l14j_	2454
/m/0l14md	2455
/m/0l14qv	2456
/m/0l1589	2457
/m/0l15bq	2458
/m/0l2hf	2459
/m/0l2mg	2460
/m/0l2rj	2461
/m/0l2vz	2462
/m/0l2xl	2463
/m/0l34j	2464
/m/0l6mp	2465
/m/0l6vl	2466
/m/0l8sx	2467
/m/0l8z1	2468
/m/0l99s	2469
/m/0l_j_	2470
/m/0lbd9	2471
/m/0lgxj	2472
/m/0lhql	2473
/m/0lkr7	2474
/m/0lsxr	2475
/m/0lv1x	2476
/m/0m28g	2477
/m/0m40d	2478
/m/0m593	2479
/m/0m63c	2480
/m/0m7yy	2481
/m/0m8vm	2482
/m/0m9p3	2483
/m/0m_zm	2484
/m/0mbf4	2485
/m/0mbql	2486
/m/0mcl0	2487
/m/0mg1w	2488
/m/0mkg	2489
/m/0mmpz	2490
/m/0mndw	2491
/m/0mnwd	2492
/m/0mnyn	2493
/m/0msyb	2494
/m/0mw5x	2495
/m/0mwh1	2496
/m/0mwk9	2497
/m/0mwl2	2498
/m/0mwq_	2499
/m/0mwxz	2500
/m/0mwzv	2501
/m/0mzg2	2502
/m/0n08r	2503
/m/0n1h	2504
/m/0n1rj	2505
/m/0n1s0	2506
/m/0n22z	2507
/m/0n2z	2508
/m/0n3g	2509
/m/0n491	2510
/m/0n56v	2511
/m/0n57k	2512
/m/0n5bk	2513
/m/0n5fl	2514
/m/0n5fz	2515
/m/0n5gq	2516
/m/0n5j_	2517
/m/0n6f8	2518
/m/0n6mc	2519
/m/0n6nl	2520
/m/0n8_m93	2521
/m/0n9dn	2522
/m/0n_hp	2523
/m/0nbcg	2524
/m/0nc7s	2525
/m/0ndsl1x	2526
/m/0nh0f	2527
/m/0nj0m	2528
/m/0np9r	2529
/m/0nq_b	2530
/m/0ny1p	2531
/m/0ny75	2532
/m/0p01x	2533
/m/0p07_	2534
/m/0p0fc	2535
/m/0p17j	2536
/m/0p3sf	2537
/m/0p4gy	2538
/m/0p50v	2539
/m/0p5vf	2540
/m/0p7tb	2541
/m/0p8jf	2542
/m/0p8r1	2543
/m/0p9sw	2544
/m/0p_47	2545
/m/0p_pd	2546
/m/0p_rk	2547
/m/0pd4f	2548
/m/0pd64	2549
/m/0pdp8	2550
/m/0pgjm	2551
/m/0phrl	2552
/m/0phx4	2553
/m/0pj8m	2554
/m/0pkyh	2555
/m/0plw	2556
/m/0pqc5	2557
/m/0pqp3	2558
/m/0prh7	2559
/m/0prhz	2560
/m/0ps8c	2561
/m/0ptj2	2562
/m/0py5b	2563
/m/0pyg6	2564
/m/0pz04	2565
/m/0pz7h	2566
/m/0q245	2567
/m/0q8p8	2568
/m/0qb62	2569
/m/0qf11	2570
/m/0qf3p	2571
/m/0qkcb	2572
/m/0qm8b	2573
/m/0qpn9	2574
/m/0qpsn	2575
/m/0qymv	2576
/m/0r04p	2577
/m/0r22d	2578
/m/0r2dp	2579
/m/0r2l7	2580
/m/0r5lz	2581
/m/0r5wt	2582
/m/0r6c4	2583
/m/0r6ff	2584
/m/0rh6k	2585
/m/0rjg8	2586
/m/0rk71	2587
/m/0rv97	2588
/m/0rwgm	2589
/m/0sjqm	2590
/m/0swbd	2591
/m/0sx8l	2592
/m/0sx92	2593
/m/0sxmx	2594
/m/0sxns	2595
/m/0symg	2596
/m/0t_2	2597
/m/0tbql	2598
/m/0tbr	2599
/m/0tc7	2600
/m/0tln7	2601
/m/0tz14	2602
/m/0v0d9	2603
/m/0vbk	2604
/m/0vgkd	2605
/m/0vjs6	2606
/m/0w7c	2607
/m/0wr_s	2608
/m/0wzm	2609
/m/0x2sv	2610
/m/0x335	2611
/m/0x67	2612
/m/0xbm	2613
/m/0xhtw	2614
/m/0xn5b	2615
/m/0xnvg	2616
/m/0xpq9	2617
/m/0xqf3	2618
/m/0xsk8	2619
/m/0xt3t	2620
/m/0y1mh	2621
/m/0y_pg	2622
/m/0ydpd	2623
/m/0yl_w	2624
/m/0ym69	2625
/m/0ymb6	2626
/m/0ynfz	2627
/m/0yshw	2628
/m/0ywrc	2629
/m/0yx_w	2630
/m/0yyg4	2631
/m/0yzyn	2632
/m/0z05l	2633
/m/0z4s	2634
/m/0zcbl	2635
