/american_football/football_team	0
/amusement_parks/ride_theme	1
/architecture/architect	2
/architecture/architectural_structure_owner	3
/architecture/architectural_style	4
/architecture/architecture_firm_partners	5
/architecture/building	6
/architecture/building_complex	7
/architecture/building_function	8
/architecture/building_occupant	9
/architecture/venue	10
/astronomy/astronomical_discovery	11
/astronomy/celestial_object	12
/astronomy/orbital_relationship	13
/automotive/exterior_color	14
/award/award	15
/award/award_category	16
/award/award_ceremony	17
/award/award_discipline	18
/award/award_nominated_work	19
/award/award_nominee	20
/award/award_presenting_organization	21
/award/award_winner	22
/award/award_winning_work	23
/award/competition_type	24
/award/competitor	25
/award/hall_of_fame_discipline	26
/award/hall_of_fame_inductee	27
/award/ranked_item	28
/award/recurring_competition	29
/base/aareas/schema/administrative_area	30
/base/aareas/schema/de/city	31
/base/aareas/schema/de/district	32
/base/aareas/schema/de/urban_district	33
/base/aareas/schema/earth/citytown	34
/base/aareas/schema/earth/sovereign_state	35
/base/aareas/schema/england/administrative_county	36
/base/aareas/schema/england/non_metropolitan_county	37
/base/aareas/schema/england/non_metropolitan_district	38
/base/aareas/schema/england/unitary_authority	39
/base/aareas/schema/england/unitary_authority_plain	40
/base/aareas/schema/greater_london/borough	41
/base/aareas/schema/in/state	42
/base/aareas/schema/nl/municipality	43
/base/aareas/schema/nl_dominion/constituent_country	44
/base/aareas/schema/nz/city	45
/base/aareas/schema/nz/territorial_authority	46
/base/aareas/schema/us/county	47
/base/aareas/schema/us/state	48
/base/abcbirds/partnership	49
/base/academia/topic	50
/base/academyawards/host_of_oscar_show	51
/base/academyawards/topic	52
/base/academyofcountrymusicawards/topic	53
/base/activism/activism_issue	54
/base/activism/activist	55
/base/activism/topic	56
/base/aditya/topic	57
/base/advertisingcharacters/character_portrayer	58
/base/advertisingcharacters/product	59
/base/airtrafficmanagement/topic	60
/base/allthingsnewyork/topic	61
/base/americancomedy/comedian	62
/base/americancomedy/comedy_genre	63
/base/americancomedy/comedy_group_member	64
/base/americancomedy/double_act_comic	65
/base/americancomedy/double_act_straight_man	66
/base/americancomedy/impersonated_celebrity	67
/base/americancomedy/movie	68
/base/americancomedy/simpsons_writer	69
/base/americancomedy/topic	70
/base/americancomedy/tv_show	71
/base/americancomedy/vaudeville_performer	72
/base/anarchism/topic	73
/base/animal_synopses/animal_synopsis	74
/base/animalnames/animal_gender	75
/base/animalnames/topic	76
/base/animemanga/anime_manga_genre	77
/base/animemanga/media_format	78
/base/animemanga/topic	79
/base/anzacs/topic	80
/base/aquanaut/topic	81
/base/arasmuzic/topic	82
/base/argumentmaps/idea	83
/base/argumentmaps/innovator	84
/base/argumentmaps/moral_agent	85
/base/argumentmaps/morally_disputed_activity	86
/base/argumentmaps/original_idea	87
/base/argumentmaps/topic	88
/base/arthist/helynevek	89
/base/arthist/int_zm_nyek	90
/base/articleindices/topic	91
/base/associationfootball/soccer_position	92
/base/associationfootball/soccer_team	93
/base/associationfootball/topic	94
/base/atheism/atheist	95
/base/atheism/topic	96
/base/athletics/athletics_area	97
/base/athletics/athletics_country	98
/base/athletics/athletics_discipline_type	99
/base/athletics/athletics_medal	100
/base/athletics/topic	101
/base/atlanta/topic	102
/base/aubreymaturin/character	103
/base/aubreymaturin/malady	104
/base/aubreymaturin/place	105
/base/aubreymaturin/real_place	106
/base/aubreymaturin/topic	107
/base/audiobase/audio_equipment_manufacturer	108
/base/audiobase/topic	109
/base/austria/topic	110
/base/authors/country_of_origin	111
/base/authors/language_written_in	112
/base/authors/topic	113
/base/babylon5/topic	114
/base/badpeople/bad_people_who_make_music	115
/base/ballet/topic	116
/base/bamberg/topic	117
/base/bangladesh/topic	118
/base/banking/investment_broker	119
/base/barbie/topic	120
/base/bdnabase/topic	121
/base/beerbase/country_of_origin	122
/base/beerbase/topic	123
/base/bengaluru/topic	124
/base/berlininternationalfilmfestival/topic	125
/base/bibkn/department	126
/base/bibkn/topic	127
/base/biblioness/bibs_location	128
/base/biblioness/bibs_topic	129
/base/bioventurist/bv_geography	130
/base/bioventurist/bv_medical_condition	131
/base/birdconservation/topic	132
/base/birdinfo/unit_of_population_number	133
/base/bisac/bisac_equivalent_subject	134
/base/blackhistorymonth/topic	135
/base/blocks/topic	136
/base/blogsemportugues/films	137
/base/bollywooddiary/topic	138
/base/breakfast/topic	139
/base/bryan/topic	140
/base/cambridge/colleges_and_universities	141
/base/cambridge/topic	142
/base/campaigns/campaign_location	143
/base/cancer/topic	144
/base/cannapedia/topic	145
/base/cannes/topic	146
/base/caseysbased/topic	147
/base/casinos/casino_theme	148
/base/casinos/topic	149
/base/cathedrals/cathedrals_in_england	150
/base/caveart/region	151
/base/caveart/topic	152
/base/celeb/topic	153
/base/charities/geographic_scope	154
/base/charities/topic	155
/base/chinesemovies/topic	156
/base/chinesezodiac/topic	157
/base/chivalry/topic	158
/base/cinemainspector/person_sign	159
/base/cinemainspector/topic	160
/base/cinemainspectortest/topic	161
/base/cinequestfilmfestival/topic	162
/base/civics/topic	163
/base/classiccorvettes/topic	164
/base/classificationsearch/classification_system	165
/base/classificationsearch/topic	166
/base/coinsdaily/design	167
/base/collectives/collective_member	168
/base/coloniesandempire/former_british_colonies_and_dominions	169
/base/coloniesandempire/former_french_colonies	170
/base/coloniesandempire/former_spanish_colonies	171
/base/coloniesandempire/topic	172
/base/computationalscienceandengineering/topic	173
/base/concepts/topic	174
/base/consciousness/topic	175
/base/conservationaction/lead_agency_or_organization	176
/base/conservationaction/topic	177
/base/consumermedical/disease	178
/base/consumermedical/medical_term	179
/base/contraltosingers/topic	180
/base/creativemindsatwork/topic	181
/base/crime/crime_victim	182
/base/crime/lawyer	183
/base/crime/topic	184
/base/crime/warrant_issuer	185
/base/crimeandforensics/topic	186
/base/csafarms/topic	187
/base/culturalevent/event	188
/base/curricula/leergebied_vak	189
/base/cycling/cycling_discipline	190
/base/cycling/topic	191
/base/danceporn/topic	192
/base/dancingwiththestars/contestant	193
/base/dancingwiththestars/topic	194
/base/database/database_host	195
/base/database/database_topic	196
/base/database/topic	197
/base/datedlocationtest/dated_location_test	198
/base/datedlocationtest/topic	199
/base/daylifetopics/daylife_id	200
/base/daylifetopics/topic	201
/base/dccardwell/topic	202
/base/deadwood/topic	203
/base/dedication/topic	204
/base/digitalmedia/topic	205
/base/disaster2/injured_person	206
/base/disaster2/topic	207
/base/disneyana/disney_product_theme	208
/base/disneyana/topic	209
/base/dogbreed/topic	210
/base/dqbase/topic	211
/base/drmadhumohankomaragiri/topic	212
/base/dystopia/topic	213
/base/eating/practicer_of_diet	214
/base/eating/topic	215
/base/ecology/habitat	216
/base/ecology/topic	217
/base/edgarpoe/topic	218
/base/edinburghinternationalfilmfestival/topic	219
/base/edmonton/topic	220
/base/elbogen/meeting_organizer	221
/base/elbogen/topic	222
/base/electronic/topic	223
/base/endofallthings/topic	224
/base/engineering/engineering_discipline	225
/base/engineering/topic	226
/base/engineering/tunnel	227
/base/estonia/topic	228
/base/eventparticipants/known_participants	229
/base/events/geographical_scope	230
/base/events/location_of_events	231
/base/events/performer	232
/base/events/subject_of_festival	233
/base/events/topic	234
/base/events/type_of_event	235
/base/events/type_of_performance	236
/base/exercises/exercise_type	237
/base/exoplanetology/topic	238
/base/fairytales/fairy_tale_origin	239
/base/fairytales/topic	240
/base/familyguy/family_guy_reference	241
/base/famouspets/pet_owner	242
/base/famouspets/topic	243
/base/fashionmodels/eye_color	244
/base/fashionmodels/fashion_model	245
/base/fashionmodels/hair_color	246
/base/fashionmodels/topic	247
/base/fiberarts/topic	248
/base/fictionaluniverse/cloned_character	249
/base/fight/topic	250
/base/filebase/topic	251
/base/filmcameras/camera_film_format	252
/base/filmcameras/topic	253
/base/filmflexmovies/topic	254
/base/filmnoir/topic	255
/base/filmographies/topic	256
/base/filmviews/topic	257
/base/firsts/first	258
/base/firsts/first_achievement_category	259
/base/firsts/topic	260
/base/folklore/mythical_creature	261
/base/folklore/mythical_creature_location	262
/base/folklore/topic	263
/base/foursquare/location	264
/base/fuvkin/topic	265
/base/galalelsoury/topic	266
/base/garrettstrobel/topic	267
/base/gender/gender_identity	268
/base/gender/topic	269
/base/geodescription/topic	270
/base/gleebase/topic	271
/base/godbase/topic	272
/base/godparents/godparent	273
/base/godparents/topic	274
/base/gossipgirl3/topic	275
/base/greatbooksofthewesternworld/author	276
/base/greatbooksofthewesternworld/topic	277
/base/greatfilms/ranked_item	278
/base/greatfilms/ranked_list	279
/base/greatfilms/topic	280
/base/grossout/topic	281
/base/gunsnroses/topic	282
/base/hamlet/topic	283
/base/handball/handball_position	284
/base/handball/topic	285
/base/hannsheinzewers/topic	286
/base/harrypotter/topic	287
/base/hindisoundtracks/topic	288
/base/historicalfilms/topic	289
/base/hkiff/topic	290
/base/horror/topic	291
/base/horsefacts/event_class	292
/base/horsefacts/topic	293
/base/horticulture/cultivar_origin	294
/base/horticulture/topic	295
/base/housemd/topic	296
/base/iceandfire/topic	297
/base/icons/icon	298
/base/ignoreme/topic	299
/base/ihistory/person	300
/base/ihistory/topic	301
/base/ikariam/topic	302
/base/imdbbase/topic	303
/base/inaugurations/inauguration_speaker	304
/base/inaugurations/topic	305
/base/indianelections/topic	306
/base/infection/location_of_biosafety_facility	307
/base/infection/topic	308
/base/inspiration/topic	309
/base/ireland/topic	310
/base/italianbooks/topic	311
/base/jambandmusic/topic	312
/base/jamesbond007/bond_film	313
/base/jamesbond007/topic	314
/base/jewishstudies/topic	315
/base/jewlib/jewish_studies_field	316
/base/jewlib/original_owner	317
/base/jewlib/parent_institution	318
/base/jewlib/topic	319
/base/jobmastates/topic	320
/base/joeunger/topic	321
/base/jonathan_goodman/gender	322
/base/journalists/topic	323
/base/jsbach/topic	324
/base/karlovyvaryinternationalfilmfestival/topic	325
/base/kinometric/genre	326
/base/kinometric/topic	327
/base/knockoffs/knockoffed	328
/base/krautrock/topic	329
/base/kwebbase/kwtopic	330
/base/lakesintheunitedstates/topic	331
/base/landcover/classification_system	332
/base/landcover/topic	333
/base/languagesfordomainnames/topic	334
/base/lastfm/topic	335
/base/leicester/topic	336
/base/lewisandclark/places_westward	337
/base/lewisandclark/topic	338
/base/lgbtfilms/topic	339
/base/litcentral/focal_location	340
/base/litcentral/named_person	341
/base/litcentral/person_name_suffix	342
/base/litcentral/topic	343
/base/literaturabrasileira/topic	344
/base/localfood/food_producing_region	345
/base/localfood/topic	346
/base/locarnointernationalfilmfestival/topic	347
/base/locations/continents	348
/base/locations/counties_parishes_and_boroughs	349
/base/locations/countries	350
/base/locations/states_and_provences	351
/base/locations/topic	352
/base/london/topic	353
/base/londonfilmfestival/topic	354
/base/longislandpingpongleague/topic	355
/base/losangeles/topic	356
/base/losangelesbands/topic	357
/base/lostbase/topic	358
/base/lovecraft/topic	359
/base/lrerutdanning/topic	360
/base/madplex/topic	361
/base/magic/magician	362
/base/magicthegathering/topic	363
/base/malemodels/topic	364
/base/mapcentral/fgdc_keyword	365
/base/mapcentral/fgdc_location_keyword	366
/base/mapcentral/topic	367
/base/marchmadness/ncaa_basketball_tournament	368
/base/marchmadness/team_gender	369
/base/marchmadness/topic	370
/base/marijuana420/topic	371
/base/markrobertdaveyphotographer/topic	372
/base/marsupials/topic	373
/base/masterthesis/topic	374
/base/meanstreets/topic	375
/base/mediaextended/film_ranch_owner	376
/base/mediaextended/topic	377
/base/meshuggahalbumtimeline/topic	378
/base/michellecarusocabrera/topic	379
/base/militaryinfiction/location_in_fiction	380
/base/militaryinfiction/location_represented_in_fiction	381
/base/militaryinfiction/military_rank_in_fiction	382
/base/militaryinfiction/topic	383
/base/millvalleyfilmfestival/topic	384
/base/mmmpr/topic	385
/base/monster/monster_gender	386
/base/montagueinstitute/organizations	387
/base/montagueinstitute/topic	388
/base/montreal/topic	389
/base/morelaw/topic	390
/base/morelaw/war	391
/base/moscowinternationalfilmfestival/topic	392
/base/moscratch/shce021709	393
/base/moscratch/topic	394
/base/moviereviews/topic	395
/base/movies1001/topic	396
/base/musicvideos/topic	397
/base/musiteca/conductor	398
/base/musiteca/music_teacher	399
/base/musiteca/situation	400
/base/musiteca/topic	401
/base/musiteca/type_instrument	402
/base/myschool/topic	403
/base/myspace/myspace_user	404
/base/mystery/cryptid_area_of_occurrence	405
/base/mystery/cryptid_observation_location	406
/base/mystery/topic	407
/base/mystery/ufo_sighting_location	408
/base/nanhikali/topic	409
/base/nationalfootballleague/topic	410
/base/nations/supranational_body	411
/base/natlang/abbreviated_topic	412
/base/natlang/topic	413
/base/nederlandsedichters/topic	414
/base/neutra/topic	415
/base/newsevents/news_reported_event	416
/base/newsevents/news_reporting_organisation	417
/base/newyorkcity/topic	418
/base/newyorkfilmfestival/topic	419
/base/niivgbase/topic	420
/base/ninamarlene/topic	421
/base/nobelprizes/nobel_prize_winner	422
/base/nobelprizes/nobel_subject_area	423
/base/nobelprizes/topic	424
/base/northcarolina/topic	425
/base/notablenewyorkers/topic	426
/base/obamabase/possible_cabinet_member	427
/base/obamabase/topic	428
/base/omnipop/topic	429
/base/onechanneltv/topic	430
/base/onephylogeny/topic	431
/base/onephylogeny/type_of_thing	432
/base/onlineadvertising/ad_network_vertical	433
/base/onlineadvertising/topic	434
/base/ontologies/ontology_class	435
/base/ontologies/ontology_instance	436
/base/ontologies/topic	437
/base/ottawa/topic	438
/base/ovguide/bollywood_films	439
/base/ovguide/country_musical_groups	440
/base/ovguide/topic	441
/base/oxford/topic	442
/base/pantheons/topic	443
/base/parksandrecreation/topic	444
/base/parody/parodied_subject	445
/base/parody/parody	446
/base/parody/topic	447
/base/performer/topic	448
/base/performingearth/topic	449
/base/petbreeds/city_with_dogs	450
/base/petbreeds/dog_breed	451
/base/petbreeds/dog_coat_color	452
/base/petbreeds/large_dog_breed	453
/base/petbreeds/pet_gender	454
/base/petbreeds/topic	455
/base/pethealth/pet_disease_risk_factor	456
/base/pethealth/treatment	457
/base/philbsuniverse/artist_s_or_band_s	458
/base/philbsuniverse/media	459
/base/phobias/aviophobic_person	460
/base/phobias/topic	461
/base/phpdeveloper/topic	462
/base/phytochemical/topic	463
/base/pimfortuyn/topic	464
/base/pinball/pinball_machine_basis	465
/base/pinball/pinball_machine_manufacturer	466
/base/pinball/topic	467
/base/pirates/topic	468
/base/pixarfilms/film	469
/base/pixarfilms/topic	470
/base/plopquiz/topic	471
/base/poetrybase/topic	472
/base/pokemon/pokemon_basis	473
/base/poldb/topic	474
/base/poldb/us_state_governor_current	475
/base/politicalconventions/convention_speaker	476
/base/politicalconventions/primary_candidate	477
/base/politicalconventions/topic	478
/base/politicalconventions/vice_presidential_nominee	479
/base/popstra/business_location	480
/base/popstra/celebrity	481
/base/popstra/company	482
/base/popstra/location	483
/base/popstra/organization	484
/base/popstra/party	485
/base/popstra/rehab_facility	486
/base/popstra/religion	487
/base/popstra/sww_base	488
/base/popstra/topic	489
/base/postneolithic/topic	490
/base/predict/topic	491
/base/prison/prison_type	492
/base/prison/prisoner	493
/base/prison/topic	494
/base/process/process_environment	495
/base/productplacement/product_placed_brand	496
/base/productplacement/product_placing_media	497
/base/productplacement/topic	498
/base/programming1/topic	499
/base/propositions/topic	500
/base/pusan/topic	501
/base/qateef/topic	502
/base/qualia/recreational_drug_user	503
/base/qualia/topic	504
/base/qualified_values/qualifier	505
/base/radiostations/radio_station_format	506
/base/recordingstudios/studio_musician	507
/base/references/greek_loanword	508
/base/references/topic	509
/base/renesona/topic	510
/base/retail/retail_outlet	511
/base/reviews/reviewed_topic	512
/base/rewards/topic	513
/base/rivalries/rival	514
/base/rosenbaum/topic	515
/base/roses/rose_color	516
/base/rosetta/languoid	517
/base/saltproject/topic	518
/base/sameas/api_provider	519
/base/samplepro/topic	520
/base/sanfrancisco/topic	521
/base/satelites/natural_satellite	522
/base/satelites/orbited_body	523
/base/satelites/topic	524
/base/saturdaynightlive/person_impersonated_on_snl	525
/base/saturdaynightlive/snl_actor	526
/base/saturdaynightlive/snl_cast_member	527
/base/saturdaynightlive/snl_host	528
/base/saturdaynightlive/snl_musical_guest	529
/base/saturdaynightlive/topic	530
/base/saveaussiemusic/spi_coverage_type	531
/base/schemastaging/athlete_extra	532
/base/schemastaging/award_category_extra	533
/base/schemastaging/contact_product	534
/base/schemastaging/context_name	535
/base/schemastaging/disputed_location_claimant	536
/base/schemastaging/educational_institution_extra	537
/base/schemastaging/food_extra	538
/base/schemastaging/government_position_held_extra	539
/base/schemastaging/govt_jurisdiction_extra	540
/base/schemastaging/non_profit_extra	541
/base/schemastaging/organization_extra	542
/base/schemastaging/person_extra	543
/base/schemastaging/sport_extra	544
/base/schemastaging/sports_team_extra	545
/base/schemastaging/statistical_region_extra	546
/base/schemastaging/tennis_player_extra	547
/base/schemastaging/topic	548
/base/schemastaging/tv_actor_extra	549
/base/schemastaging/tv_character_extra	550
/base/seafood/fishery_location	551
/base/seafood/topic	552
/base/searchengineoptimizationprovider/topic	553
/base/serjtankian/topic	554
/base/services/boating_supplies_categories	555
/base/services/data_recovery_service_type	556
/base/services/divination_technique	557
/base/services/engineering_service_sector	558
/base/services/equestrian_disciplines	559
/base/services/event_category	560
/base/services/exercise_programs	561
/base/services/modeling_specialty	562
/base/services/recreational_sports	563
/base/services/talent_agency_specialties	564
/base/services/topic	565
/base/setrakian/topic	566
/base/sfawards/topic	567
/base/sfiff/topic	568
/base/shanghaiinternationalfilmfestival/topic	569
/base/shapedcities/shaped_city	570
/base/sharing/sharing_location	571
/base/sharing/topic	572
/base/shashank/topic	573
/base/singapore/topic	574
/base/siswimsuitmodels/topic	575
/base/skateboarding/topic	576
/base/skills/skill_output	577
/base/skills/topic	578
/base/skosbase/topic	579
/base/skosbase/vocabulary_equivalent_topic	580
/base/slovakia/topic	581
/base/snowboard/topic	582
/base/soapoperas/topic	583
/base/socialdance/dance_style	584
/base/socialmediamarketing/topic	585
/base/songforallseasons/topic	586
/base/sopranosingers/topic	587
/base/soundalike/topic	588
/base/sounds/vocal_contribution_category	589
/base/sportssandbox/sport	590
/base/sportssandbox/topic	591
/base/starshapedcitadelsandcities/star_shaped_cities_and_citadels_in_germany	592
/base/starshapedcitadelsandcities/topic	593
/base/startrek/topic	594
/base/starwars1/topic	595
/base/stbase/topic	596
/base/stefankumor/topic	597
/base/stimulustracking/government_agencies_affected	598
/base/stimulustracking/topic	599
/base/stimulustracking/united_states_federal_executive_department	600
/base/summermovies2009/topic	601
/base/sundance/topic	602
/base/surprisingheights/topic	603
/base/survivor/topic	604
/base/svocab/movie	605
/base/sxswfilm/topic	606
/base/symbols/symbolized_concept	607
/base/symbols/topic	608
/base/tabletennis/topic	609
/base/tagasauris/organic_object	610
/base/tagit/concept	611
/base/tagit/man_made_thing	612
/base/tagit/organic_thing	613
/base/tagit/place	614
/base/tagit/topic	615
/base/tallships/film_with_tall_ships	616
/base/tallships/topic	617
/base/technologyofdoing/proposal_agent	618
/base/technopundits/topic	619
/base/test2/topic	620
/base/testrepu/topic	621
/base/thebigpitch/pitchman	622
/base/thebigpitch/topic	623
/base/thefuture/topic	624
/base/thejurypool/topic	625
/base/thelastconfessionofalexanderpearce/topic	626
/base/therockbat/topic	627
/base/thesocialset/clique_interest	628
/base/thesocialset/clique_leading_member	629
/base/thesolarsystem/topic	630
/base/thewestwing/topic	631
/base/thoroughbredracing/thoroughbred_racehorse_origin	632
/base/thoroughbredracing/thoroughbred_racehorse_sex	633
/base/thoroughbredracing/topic	634
/base/tina526base/topic	635
/base/todolists/topic	636
/base/tomeverett/topic	637
/base/tonyfranksbuckley/topic	638
/base/torchbearers/topic	639
/base/toronto/topic	640
/base/tournaments/tournament_competitor	641
/base/trails/activity	642
/base/trenthergenrader/topic	643
/base/triathlon/topic	644
/base/tribecafilmfestival/topic	645
/base/ttiff/topic	646
/base/tvfotc/topic	647
/base/tvmusic/topic	648
/base/twinnedtowns/topic	649
/base/typefaces/topic	650
/base/uncommon/topic	651
/base/unitednations/topic	652
/base/unitednations/united_nations_agency	653
/base/unitednations/united_nations_member_state	654
/base/univplus/extended_institution	655
/base/univplus/extended_university	656
/base/univplus/topic	657
/base/urbanlegends/topic	658
/base/usgovernment/topic	659
/base/ushahidi/topic	660
/base/vancouver/podcaster	661
/base/vancouver/topic	662
/base/vancouver2010/topic	663
/base/veniceinternationalfilmfestival/topic	664
/base/vermont/topic	665
/base/victoriassecret/topic	666
/base/victoriassecret/victoria_s_secret_model	667
/base/vietnamwar/topic	668
/base/visleg/labeled	669
/base/visleg/topic	670
/base/washingtondc/topic	671
/base/wastrology/topic	672
/base/webcomic/topic	673
/base/websites/website	674
/base/webvideo/internet_video_actor	675
/base/webvideo/internet_video_character	676
/base/webvideo/internet_video_crew_role	677
/base/webvideo/internet_video_genre	678
/base/webvideo/topic	679
/base/wfilmbase/film	680
/base/wfilmbase/topic	681
/base/whedonverse/topic	682
/base/williamshakespeare/topic	683
/base/woodstock/topic	684
/base/wordnet/word	685
/base/wordnet/word_sense	686
/base/worldhiphop/topic	687
/base/worldwartwo/topic	688
/base/wrestling/professional_wrestling_manager	689
/base/writing/grammatical_category	690
/base/writing/topic	691
/base/x2010fifaworldcupsouthafrica/topic	692
/base/x2011internationalyearforpeopleofafricandescent/topic	693
/base/yalebase/person	694
/base/yalebase/topic	695
/base/yalebase/yale_topic	696
/base/zeropointv/topic	697
/base/zeropointv/topic_film_title	698
/base/zxspectrum/topic	699
/basketball/basketball_player	700
/basketball/basketball_team	701
/biology/animal_owner	702
/biology/breed_origin	703
/biology/hybrid_parent_gender	704
/book/author	705
/book/book_subject	706
/book/editor_title	707
/book/magazine_genre	708
/book/newspaper_owner	709
/book/periodical_publisher	710
/book/periodical_subject	711
/book/published_work	712
/book/publishing_company	713
/book/school_or_movement	714
/book/translated_work	715
/book/translation	716
/book/written_work	717
/broadcast/artist	718
/broadcast/broadcast	719
/broadcast/content	720
/broadcast/genre	721
/broadcast/producer	722
/broadcast/radio_format	723
/broadcast/tv_station_owner	724
/business/asset	725
/business/asset_owner	726
/business/board_member	727
/business/board_member_title	728
/business/brand	729
/business/business_location	730
/business/business_operation	731
/business/company_advisor	732
/business/company_type	733
/business/consumer_company	734
/business/consumer_product	735
/business/customer	736
/business/defunct_company	737
/business/employer	738
/business/industry	739
/business/issuer	740
/business/job_title	741
/business/product_category	742
/business/product_endorser	743
/business/product_theme	744
/business/shopping_center_owner	745
/business/sponsor	746
/business/sponsored_recipient	747
/celebrities/celebrity	748
/celebrities/sexual_orientation	749
/chess/chess_player	750
/comic_books/comic_book_genre	751
/comic_books/comic_book_penciler	752
/comic_strips/comic_strip_genre	753
/common/annotation_category	754
/computer/software_genre	755
/computer/software_license	756
/cvg/computer_game_region	757
/cvg/computer_game_subject	758
/cvg/cvg_designer	759
/cvg/cvg_developer	760
/cvg/cvg_genre	761
/cvg/cvg_publisher	762
/cvg/game_voice_actor	763
/dataworld/information_source	764
/dataworld/provenance	765
/dining/cuisine	766
/distilled_spirits/spirit_producing_region	767
/education/academic_institution	768
/education/academic_post_title	769
/education/department	770
/education/educational_degree	771
/education/educational_institution	772
/education/educational_institution_campus	773
/education/field_of_study	774
/education/honorary_degree_recipient	775
/education/school_category	776
/education/school_mascot	777
/education/university	778
/event/public_speaker	779
/event/speech_topic	780
/exhibitions/exhibition_sponsor	781
/exhibitions/exhibition_subject	782
/exhibitions/exhibition_venue	783
/fictional_universe/character_gender	784
/fictional_universe/character_occupation	785
/fictional_universe/character_powers	786
/fictional_universe/character_rank	787
/fictional_universe/character_species	788
/fictional_universe/ethnicity_in_fiction	789
/fictional_universe/fictional_character	790
/fictional_universe/fictional_character_creator	791
/fictional_universe/fictional_employer	792
/fictional_universe/fictional_job_title	793
/fictional_universe/fictional_language	794
/fictional_universe/fictional_object	795
/fictional_universe/fictional_organization_type	796
/fictional_universe/fictional_setting	797
/fictional_universe/fictional_universe	798
/fictional_universe/medical_condition_in_fiction	799
/fictional_universe/person_in_fiction	800
/fictional_universe/school_in_fiction	801
/fictional_universe/work_of_fiction	802
/film/actor	803
/film/cinematographer	804
/film/director	805
/film/editor	806
/film/film	807
/film/film_art_director	808
/film/film_casting_director	809
/film/film_character	810
/film/film_collection	811
/film/film_company	812
/film/film_company_role_or_service	813
/film/film_costumer_designer	814
/film/film_crewmember	815
/film/film_cut_type	816
/film/film_distribution_medium	817
/film/film_distributor	818
/film/film_festival_event	819
/film/film_festival_focus	820
/film/film_format	821
/film/film_genre	822
/film/film_job	823
/film/film_location	824
/film/film_production_designer	825
/film/film_screening_venue	826
/film/film_series	827
/film/film_set_designer	828
/film/film_song_performer	829
/film/film_story_contributor	830
/film/film_subject	831
/film/music_contributor	832
/film/person_or_entity_appearing_in_film	833
/film/producer	834
/film/production_company	835
/film/special_film_performance_type	836
/film/writer	837
/finance/currency	838
/food/beer_country_region	839
/food/diet_follower	840
/freebase/equivalent_topic	841
/freebase/task	842
/games/game_genre	843
/geography/geographical_feature	844
/government/form_of_government	845
/government/government	846
/government/government_agency	847
/government/government_office_category	848
/government/government_office_or_title	849
/government/governmental_body	850
/government/governmental_jurisdiction	851
/government/legislative_committee	852
/government/legislative_committee_title	853
/government/legislative_session	854
/government/political_appointer	855
/government/political_district	856
/government/politician	857
/government/u_s_congressperson	858
/government/us_president	859
/ice_hockey/hockey_team	860
/influence/influence_node	861
/interests/collection_category	862
/internet/social_network_user	863
/internet/top_level_domain_sponsor	864
/internet/website	865
/internet/website_category	866
/internet/website_owner	867
/language/human_language	868
/language/language_dialect	869
/language/language_family	870
/law/court	871
/law/court_jurisdiction_area	872
/law/invention	873
/law/inventor	874
/law/legal_subject	875
/law/litigant	876
/location/administrative_division	877
/location/br_state	878
/location/capital_of_administrative_division	879
/location/citytown	880
/location/continent	881
/location/country	882
/location/dated_location	883
/location/de_city	884
/location/hud_county_place	885
/location/hud_foreclosure_area	886
/location/in_state	887
/location/location	888
/location/nl_municipality	889
/location/nl_province	890
/location/place_with_neighborhoods	891
/location/postal_code	892
/location/region	893
/location/statistical_region	894
/location/uk_constituent_country	895
/location/uk_london_borough	896
/location/uk_non_metropolitan_county	897
/location/uk_non_metropolitan_district	898
/location/uk_overseas_territory	899
/location/uk_statistical_location	900
/location/us_cbsa	901
/location/us_county	902
/location/us_state	903
/martial_arts/martial_art	904
/media_common/adaptation	905
/media_common/adapted_work	906
/media_common/creative_work	907
/media_common/dedicated_work	908
/media_common/dedicatee	909
/media_common/dedicator	910
/media_common/literary_genre	911
/media_common/media_genre	912
/media_common/netflix_genre	913
/media_common/netflix_title	914
/media_common/quotation_addressee	915
/media_common/quotation_source	916
/media_common/quotation_subject	917
/medicine/cancer_center_constituent	918
/medicine/diagnostic_test	919
/medicine/disease	920
/medicine/disease_cause	921
/medicine/drug_ingredient	922
/medicine/icd_9_cm_classification	923
/medicine/medical_specialty	924
/medicine/medical_treatment	925
/medicine/notable_person_with_medical_condition	926
/medicine/risk_factor	927
/medicine/symptom	928
/meteorology/cyclone_affected_area	929
/metropolitan_transit/transit_stop	930
/military/armed_force	931
/military/military_combatant	932
/military/military_commander	933
/military/military_conflict	934
/military/military_person	935
/military/military_post	936
/military/military_unit_place_of_origin	937
/military/rank	938
/music/artist	939
/music/bassist	940
/music/composer	941
/music/compositional_form	942
/music/concert_film	943
/music/engineer	944
/music/featured_artist	945
/music/genre	946
/music/group_member	947
/music/guitarist	948
/music/instrument	949
/music/lyricist	950
/music/media_format	951
/music/music_video_director	952
/music/music_video_genre	953
/music/music_video_job	954
/music/music_video_performer	955
/music/music_video_subject	956
/music/musical_group	957
/music/performance_role	958
/music/producer	959
/music/record_label	960
/music/release_component	961
/music/songwriter	962
/music/special_music_video_performance_type	963
/music/voice	964
/olympics/olympic_athlete	965
/olympics/olympic_bidding_city	966
/olympics/olympic_event_competition	967
/olympics/olympic_games	968
/olympics/olympic_host_city	969
/olympics/olympic_medal	970
/olympics/olympic_medal_demonstration	971
/olympics/olympic_participating_country	972
/olympics/olympic_sport	973
/opera/librettist	974
/opera/opera_genre	975
/organization/club_interest	976
/organization/endowed_organization	977
/organization/membership_organization	978
/organization/non_profit_organization	979
/organization/organization	980
/organization/organization_committee_title	981
/organization/organization_founder	982
/organization/organization_member	983
/organization/organization_scope	984
/organization/organization_sector	985
/organization/organization_type	986
/organization/role	987
/people/appointed_role	988
/people/appointer	989
/people/cause_of_death	990
/people/deceased_person	991
/people/ethnicity	992
/people/family	993
/people/family_member	994
/people/gender	995
/people/marriage_union_type	996
/people/measured_person	997
/people/person	998
/people/place_of_interment	999
/people/profession	1000
/people/professional_field	1001
/periodicals/newspaper_circulation_area	1002
/projects/project	1003
/projects/project_focus	1004
/projects/project_participant	1005
/projects/project_role	1006
/protected_sites/listed_site	1007
/protected_sites/natural_or_cultural_preservation_agency	1008
/radio/radio_subject	1009
/rail/railway_terminus	1010
/religion/religion	1011
/religion/religious_leadership_jurisdiction	1012
/religion/religious_leadership_title	1013
/religion/religious_practice	1014
/religion/type_of_place_of_worship	1015
/royalty/chivalric_order_member	1016
/royalty/kingdom	1017
/royalty/monarch	1018
/royalty/noble_rank	1019
/royalty/system_of_nobility	1020
/soccer/football_position	1021
/soccer/football_team	1022
/spaceflight/satellite_manufacturer	1023
/sports/coaching_position	1024
/sports/multi_event_tournament	1025
/sports/pro_athlete	1026
/sports/professional_sports_team	1027
/sports/sport	1028
/sports/sport_country	1029
/sports/sport_medal	1030
/sports/sports_award_type	1031
/sports/sports_award_winner	1032
/sports/sports_championship_event	1033
/sports/sports_league_draft	1034
/sports/sports_position	1035
/sports/sports_team	1036
/sports/sports_team_location	1037
/sports/sports_team_owner	1038
/symbols/coat_of_arms_bearer	1039
/symbols/flag	1040
/symbols/flag_referent	1041
/symbols/name_source	1042
/symbols/namesake	1043
/theater/theater_actor	1044
/theater/theater_character	1045
/theater/theater_company	1046
/theater/theater_director	1047
/theater/theater_genre	1048
/theater/theater_producer	1049
/theater/theater_production_staff_role	1050
/theater/theatrical_composer	1051
/theater/theatrical_lyricist	1052
/time/event	1053
/time/recurring_event	1054
/time/time_zone	1055
/travel/accommodation_feature	1056
/travel/tourist_attraction	1057
/travel/travel_destination	1058
/tv/non_character_role	1059
/tv/special_tv_performance_type	1060
/tv/tv_actor	1061
/tv/tv_character	1062
/tv/tv_crew_role	1063
/tv/tv_director	1064
/tv/tv_genre	1065
/tv/tv_location	1066
/tv/tv_network	1067
/tv/tv_personality	1068
/tv/tv_producer	1069
/tv/tv_program	1070
/tv/tv_program_creator	1071
/tv/tv_program_guest	1072
/tv/tv_regular_personal_appearance	1073
/tv/tv_series_episode	1074
/tv/tv_subject	1075
/tv/tv_writer	1076
/type/attribution	1077
/user/agroschim/default_domain/notable_author_of_a_lit_movement	1078
/user/agroschim/default_domain/school_tradition	1079
/user/agroschim/default_domain/significant_follower	1080
/user/alexander/default_domain/court	1081
/user/alexander/default_domain/royal_realm	1082
/user/alexander/misc/topic	1083
/user/alexander/philosophy/philosopher	1084
/user/alexander/philosophy/subject	1085
/user/alexander/philosophy/topic	1086
/user/alexbl/honorary_title/titled_person	1087
/user/alexbl/honorary_title/topic	1088
/user/alust/default_domain/processed_with_review_queue	1089
/user/anne8/spa/massage_origin	1090
/user/ansamcw/my_homepage/topic	1091
/user/bhludzin/default_domain/bank	1092
/user/brendan/default_domain/top_architectural_city	1093
/user/brendan/musician_products/brand	1094
/user/brendankwilliams/default_domain/inflation_rate	1095
/user/damslattery/default_domain/film_studios	1096
/user/danboo/default_domain/bicycle_model_typical_use	1097
/user/dchudchu/default_domain/hospital_drama	1098
/user/dkrmusix/default_domain/glenn_scott_davis_doctor_g	1099
/user/doconnor/pets/dog_breed	1100
/user/doconnor/pets/topic	1101
/user/duck1123/default_domain/mtg_color	1102
/user/duck1123/default_domain/mtg_mana_color	1103
/user/dylanrocks/national_football_league/topic	1104
/user/dylanrocks/the_27_club/topic	1105
/user/elliott/national_concrete_canoe_competition/school	1106
/user/exooo/default_domain/head_of_state	1107
/user/fairestcat/bandom/musician	1108
/user/gangofnuns/computer_hardware/computer_hardware_vendor	1109
/user/gmackenz/color/color	1110
/user/gmackenz/color/topic	1111
/user/gommit/brands/brand	1112
/user/hailey2009/default_domain/centenarians	1113
/user/harmeen/default_domain/freebase_s_database	1114
/user/jack/default_domain/my_favorite_things	1115
/user/jamie/default_domain/yacht_racing/yacht_racing_country	1116
/user/jamie/food/topic	1117
/user/joehughes/default_domain/transit_service_area	1118
/user/johm/carnegie_mellon_university/department	1119
/user/johm/carnegie_mellon_university/topic	1120
/user/jon/default_domain/my_favorite_things	1121
/user/jonasy/default_domain/currency2	1122
/user/journ3eb/default_domain/band	1123
/user/jschell/default_domain/alter_ego	1124
/user/jschell/default_domain/fictional_character	1125
/user/kenny1234567/organization_registration_classification_by_country/topic	1126
/user/kilaravi/ksr/sports	1127
/user/kilaravi/ksr/topic	1128
/user/kryp/private/topic	1129
/user/ktrueman/default_domain/international_organization	1130
/user/ktrueman/default_domain/official_language	1131
/user/lapax/default_domain/landlocked_country	1132
/user/lbwelch	1133
/user/lumimies/default_domain/age_limited_activity	1134
/user/mangala/default_domain/branch_of_government	1135
/user/manuelbuenaga/default_domain/cognition	1136
/user/martijnweghorst/default_domain/moviemotel_title	1137
/user/maxim75/default_domain/dbpedia_import	1138
/user/mdaconta/human_resources/employee	1139
/user/mehi/default_domain/persoana	1140
/user/mikeshwe/hairstyles/hairstyle_gender	1141
/user/mikeshwe/hairstyles/topic	1142
/user/monsterceo/default_domain/governor	1143
/user/monsterceo/my_stuff/topic	1144
/user/moonhouse/default_domain/library_classification_system	1145
/user/narphorium/default_domain/base_equivalent_event	1146
/user/narphorium/default_domain/base_equivalent_location	1147
/user/narphorium/default_domain/job_title	1148
/user/narphorium/default_domain/profession	1149
/user/narphorium/people/nndb_person	1150
/user/narphorium/people/notable_person	1151
/user/narphorium/people/topic	1152
/user/ngerakines/social_software/topic	1153
/user/ngerakines/social_software/twitter_user	1154
/user/nitromaster101/default_domain/abh_city	1155
/user/osprey/default_domain/occupation	1156
/user/pak21/splitter/split_completed	1157
/user/patrick/default_domain/military_combatant	1158
/user/patrick/default_domain/tag	1159
/user/patrick/default_domain/tagged_topic	1160
/user/paulshanks/project_management/construction_cost_items	1161
/user/paulshanks/project_management/topic	1162
/user/pumpkin/activities/activity	1163
/user/rlyeh/certainty/complete	1164
/user/rlyeh/history/causal_event	1165
/user/robert/default_domain/bipolar_disorder_sufferer	1166
/user/robert/default_domain/my_favorite_things	1167
/user/robert/default_domain/notable_conservative	1168
/user/robert/default_domain/scientologist_actors_2	1169
/user/robert/default_domain/victoria_s_secret_fashion_models	1170
/user/robert/earthquakes/earthquake_epicenter	1171
/user/robert/earthquakes/topic	1172
/user/robert/military/branch	1173
/user/robert/military/military_power	1174
/user/robert/military/topic	1175
/user/robert/mobile_phones/mobile_phone_region	1176
/user/robert/performance/topic	1177
/user/robert/ranked_lists/ranked_list_item	1178
/user/robert/ranked_lists/topic	1179
/user/robert/us_congress/crp_political_contributor	1180
/user/robert/us_congress/house_committee	1181
/user/robert/us_congress/topic	1182
/user/robert/x2008_presidential_election/candidate	1183
/user/robert/x2008_presidential_election/topic	1184
/user/scapbi/default_domain/myfirsttype	1185
/user/skud/boats/naval_combatant	1186
/user/skud/embassies_and_consulates/embassy	1187
/user/skud/flags/topic	1188
/user/skud/legal/topic	1189
/user/skud/legal/treaty_signatory	1190
/user/skud/names/topic	1191
/user/skud/nuclear_weapons/nuclear_power	1192
/user/skud/nuclear_weapons/topic	1193
/user/spencermountain/default_domain/physical_movement	1194
/user/spencermountain/default_domain/school_subject	1195
/user/sprocketonline/economics/legislative_body	1196
/user/sprocketonline/economics/topic	1197
/user/susanfsu/default_domain/outdoor_activity	1198
/user/synedra/didwho/support	1199
/user/szaijan/fantasy_football/player	1200
/user/szaijan/fantasy_football/position	1201
/user/szaijan/fantasy_football/topic	1202
/user/techgnostic/default_domain/magazine_topic	1203
/user/techgnostic/default_domain/market_area	1204
/user/thadguidry/default_domain/private_pilot	1205
/user/thalendar/default_domain/roleplaying_game_genre	1206
/user/tnsguy/default_domain/civil_marriage	1207
/user/tsegaran/language/topic	1208
/user/tsegaran/random/dog_breed	1209
/user/tsegaran/random/taxonomy_subject	1210
/user/tsegaran/random/topic	1211
/user/urib/default_domain/us_founding_father	1212
/user/venkytv/default_domain/mythological_system	1213
/user/viral/default_domain/music_publisher	1214
/user/wf/shape_note_singing/singer	1215
/user/wiznia/default_domain/media_source	1216
/user/xena/default_domain/contralto	1217
/user/zeusi/default_domain/sports_representative	1218
/user/zsi_editorial/editorial/topic	1219
/visual_art/art_owner	1220
/visual_art/art_period_movement	1221
/visual_art/art_subject	1222
/visual_art/color	1223
/visual_art/visual_art_genre	1224
/visual_art/visual_artist	1225
/wine/wine_region	1226
/wine/wine_sub_region	1227
