/base/aareas	0
/base/abcbirds	1
/base/academia	2
/base/academyawards	3
/base/academyofcountrymusicawards	4
/base/activism	5
/base/aditya	6
/base/advertisingcharacters	7
/base/airtrafficmanagement	8
/base/allthingsnewyork	9
/base/americancomedy	10
/base/anarchism	11
/base/animal_synopses	12
/base/animalnames	13
/base/animemanga	14
/base/anzacs	15
/base/aquanaut	16
/base/arasmuzic	17
/base/argumentmaps	18
/base/arthist	19
/base/articleindices	20
/base/associationfootball	21
/base/atheism	22
/base/athletics	23
/base/atlanta	24
/base/aubreymaturin	25
/base/audiobase	26
/base/austria	27
/base/authors	28
/base/babylon5	29
/base/badpeople	30
/base/ballet	31
/base/bamberg	32
/base/bangladesh	33
/base/banking	34
/base/barbie	35
/base/bdnabase	36
/base/beerbase	37
/base/bengaluru	38
/base/berlininternationalfilmfestival	39
/base/bibkn	40
/base/biblioness	41
/base/bioventurist	42
/base/birdconservation	43
/base/birdinfo	44
/base/bisac	45
/base/blackhistorymonth	46
/base/blocks	47
/base/blogsemportugues	48
/base/bollywooddiary	49
/base/breakfast	50
/base/bryan	51
/base/cambridge	52
/base/campaigns	53
/base/cancer	54
/base/cannapedia	55
/base/cannes	56
/base/caseysbased	57
/base/casinos	58
/base/cathedrals	59
/base/caveart	60
/base/celeb	61
/base/charities	62
/base/chinesemovies	63
/base/chinesezodiac	64
/base/chivalry	65
/base/cinemainspector	66
/base/cinemainspectortest	67
/base/cinequestfilmfestival	68
/base/civics	69
/base/classiccorvettes	70
/base/classificationsearch	71
/base/coinsdaily	72
/base/collectives	73
/base/coloniesandempire	74
/base/computationalscienceandengineering	75
/base/concepts	76
/base/consciousness	77
/base/conservationaction	78
/base/consumermedical	79
/base/contraltosingers	80
/base/creativemindsatwork	81
/base/crime	82
/base/crimeandforensics	83
/base/csafarms	84
/base/culturalevent	85
/base/curricula	86
/base/cycling	87
/base/danceporn	88
/base/dancingwiththestars	89
/base/database	90
/base/datedlocationtest	91
/base/daylifetopics	92
/base/dccardwell	93
/base/deadwood	94
/base/dedication	95
/base/digitalmedia	96
/base/disaster2	97
/base/disneyana	98
/base/dogbreed	99
/base/dqbase	100
/base/drmadhumohankomaragiri	101
/base/dystopia	102
/base/eating	103
/base/ecology	104
/base/edgarpoe	105
/base/edinburghinternationalfilmfestival	106
/base/edmonton	107
/base/elbogen	108
/base/electronic	109
/base/endofallthings	110
/base/engineering	111
/base/estonia	112
/base/eventparticipants	113
/base/events	114
/base/exercises	115
/base/exoplanetology	116
/base/fairytales	117
/base/familyguy	118
/base/famouspets	119
/base/fashionmodels	120
/base/fiberarts	121
/base/fictionaluniverse	122
/base/fight	123
/base/filebase	124
/base/filmcameras	125
/base/filmflexmovies	126
/base/filmnoir	127
/base/filmographies	128
/base/filmviews	129
/base/firsts	130
/base/folklore	131
/base/foursquare	132
/base/fuvkin	133
/base/galalelsoury	134
/base/garrettstrobel	135
/base/gender	136
/base/geodescription	137
/base/gleebase	138
/base/godbase	139
/base/godparents	140
/base/gossipgirl3	141
/base/greatbooksofthewesternworld	142
/base/greatfilms	143
/base/grossout	144
/base/gunsnroses	145
/base/hamlet	146
/base/handball	147
/base/hannsheinzewers	148
/base/harrypotter	149
/base/hindisoundtracks	150
/base/historicalfilms	151
/base/hkiff	152
/base/horror	153
/base/horsefacts	154
/base/horticulture	155
/base/housemd	156
/base/iceandfire	157
/base/icons	158
/base/ignoreme	159
/base/ihistory	160
/base/ikariam	161
/base/imdbbase	162
/base/inaugurations	163
/base/indianelections	164
/base/infection	165
/base/inspiration	166
/base/ireland	167
/base/italianbooks	168
/base/jambandmusic	169
/base/jamesbond007	170
/base/jewishstudies	171
/base/jewlib	172
/base/jobmastates	173
/base/joeunger	174
/base/jonathan_goodman	175
/base/journalists	176
/base/jsbach	177
/base/karlovyvaryinternationalfilmfestival	178
/base/kinometric	179
/base/knockoffs	180
/base/krautrock	181
/base/kwebbase	182
/base/lakesintheunitedstates	183
/base/landcover	184
/base/languagesfordomainnames	185
/base/lastfm	186
/base/leicester	187
/base/lewisandclark	188
/base/lgbtfilms	189
/base/litcentral	190
/base/literaturabrasileira	191
/base/localfood	192
/base/locarnointernationalfilmfestival	193
/base/locations	194
/base/london	195
/base/londonfilmfestival	196
/base/longislandpingpongleague	197
/base/losangeles	198
/base/losangelesbands	199
/base/lostbase	200
/base/lovecraft	201
/base/lrerutdanning	202
/base/madplex	203
/base/magic	204
/base/magicthegathering	205
/base/malemodels	206
/base/mapcentral	207
/base/marchmadness	208
/base/marijuana420	209
/base/markrobertdaveyphotographer	210
/base/marsupials	211
/base/masterthesis	212
/base/meanstreets	213
/base/mediaextended	214
/base/meshuggahalbumtimeline	215
/base/michellecarusocabrera	216
/base/militaryinfiction	217
/base/millvalleyfilmfestival	218
/base/mmmpr	219
/base/monster	220
/base/montagueinstitute	221
/base/montreal	222
/base/morelaw	223
/base/moscowinternationalfilmfestival	224
/base/moscratch	225
/base/moviereviews	226
/base/movies1001	227
/base/musicvideos	228
/base/musiteca	229
/base/myschool	230
/base/myspace	231
/base/mystery	232
/base/nanhikali	233
/base/nationalfootballleague	234
/base/nations	235
/base/natlang	236
/base/nederlandsedichters	237
/base/neutra	238
/base/newsevents	239
/base/newyorkcity	240
/base/newyorkfilmfestival	241
/base/niivgbase	242
/base/ninamarlene	243
/base/nobelprizes	244
/base/northcarolina	245
/base/notablenewyorkers	246
/base/obamabase	247
/base/omnipop	248
/base/onechanneltv	249
/base/onephylogeny	250
/base/onlineadvertising	251
/base/ontologies	252
/base/ottawa	253
/base/ovguide	254
/base/oxford	255
/base/pantheons	256
/base/parksandrecreation	257
/base/parody	258
/base/performer	259
/base/performingearth	260
/base/petbreeds	261
/base/pethealth	262
/base/philbsuniverse	263
/base/phobias	264
/base/phpdeveloper	265
/base/phytochemical	266
/base/pimfortuyn	267
/base/pinball	268
/base/pirates	269
/base/pixarfilms	270
/base/plopquiz	271
/base/poetrybase	272
/base/pokemon	273
/base/poldb	274
/base/politicalconventions	275
/base/popstra	276
/base/postneolithic	277
/base/predict	278
/base/prison	279
/base/process	280
/base/productplacement	281
/base/programming1	282
/base/propositions	283
/base/pusan	284
/base/qateef	285
/base/qualia	286
/base/qualified_values	287
/base/radiostations	288
/base/recordingstudios	289
/base/references	290
/base/renesona	291
/base/retail	292
/base/reviews	293
/base/rewards	294
/base/rivalries	295
/base/rosenbaum	296
/base/roses	297
/base/rosetta	298
/base/saltproject	299
/base/sameas	300
/base/samplepro	301
/base/sanfrancisco	302
/base/satelites	303
/base/saturdaynightlive	304
/base/saveaussiemusic	305
/base/schemastaging	306
/base/seafood	307
/base/searchengineoptimizationprovider	308
/base/serjtankian	309
/base/services	310
/base/setrakian	311
/base/sfawards	312
/base/sfiff	313
/base/shanghaiinternationalfilmfestival	314
/base/shapedcities	315
/base/sharing	316
/base/shashank	317
/base/singapore	318
/base/siswimsuitmodels	319
/base/skateboarding	320
/base/skills	321
/base/skosbase	322
/base/slovakia	323
/base/snowboard	324
/base/soapoperas	325
/base/socialdance	326
/base/socialmediamarketing	327
/base/songforallseasons	328
/base/sopranosingers	329
/base/soundalike	330
/base/sounds	331
/base/sportssandbox	332
/base/starshapedcitadelsandcities	333
/base/startrek	334
/base/starwars1	335
/base/stbase	336
/base/stefankumor	337
/base/stimulustracking	338
/base/summermovies2009	339
/base/sundance	340
/base/surprisingheights	341
/base/survivor	342
/base/svocab	343
/base/sxswfilm	344
/base/symbols	345
/base/tabletennis	346
/base/tagasauris	347
/base/tagit	348
/base/tallships	349
/base/technologyofdoing	350
/base/technopundits	351
/base/test2	352
/base/testrepu	353
/base/thebigpitch	354
/base/thefuture	355
/base/thejurypool	356
/base/thelastconfessionofalexanderpearce	357
/base/therockbat	358
/base/thesocialset	359
/base/thesolarsystem	360
/base/thewestwing	361
/base/thoroughbredracing	362
/base/tina526base	363
/base/todolists	364
/base/tomeverett	365
/base/tonyfranksbuckley	366
/base/torchbearers	367
/base/toronto	368
/base/tournaments	369
/base/trails	370
/base/trenthergenrader	371
/base/triathlon	372
/base/tribecafilmfestival	373
/base/ttiff	374
/base/tvfotc	375
/base/tvmusic	376
/base/twinnedtowns	377
/base/typefaces	378
/base/uncommon	379
/base/unitednations	380
/base/univplus	381
/base/urbanlegends	382
/base/usgovernment	383
/base/ushahidi	384
/base/vancouver	385
/base/vancouver2010	386
/base/veniceinternationalfilmfestival	387
/base/vermont	388
/base/victoriassecret	389
/base/vietnamwar	390
/base/visleg	391
/base/washingtondc	392
/base/wastrology	393
/base/webcomic	394
/base/websites	395
/base/webvideo	396
/base/wfilmbase	397
/base/whedonverse	398
/base/williamshakespeare	399
/base/woodstock	400
/base/wordnet	401
/base/worldhiphop	402
/base/worldwartwo	403
/base/wrestling	404
/base/writing	405
/base/x2010fifaworldcupsouthafrica	406
/base/x2011internationalyearforpeopleofafricandescent	407
/base/yalebase	408
/base/zeropointv	409
/base/zxspectrum	410
american_football	411
amusement_parks	412
architecture	413
astronomy	414
automotive	415
award	416
basketball	417
biology	418
book	419
broadcast	420
business	421
celebrities	422
chess	423
comic_books	424
comic_strips	425
common	426
computer	427
cvg	428
dataworld	429
dining	430
distilled_spirits	431
education	432
event	433
exhibitions	434
fictional_universe	435
film	436
finance	437
food	438
freebase	439
games	440
geography	441
government	442
ice_hockey	443
influence	444
interests	445
internet	446
language	447
law	448
location	449
martial_arts	450
media_common	451
medicine	452
meteorology	453
metropolitan_transit	454
military	455
music	456
olympics	457
opera	458
organization	459
people	460
periodicals	461
projects	462
protected_sites	463
radio	464
rail	465
religion	466
royalty	467
soccer	468
spaceflight	469
sports	470
symbols	471
theater	472
time	473
travel	474
tv	475
type	476
user	477
visual_art	478
wine	479
